Kanton;Wahljahr;Total;FDP;CVP;SP;SVP;LPS;LdU;EVP;CSP;GLP;BDP;GPS;DSP;PdA;PSA;POCH;FGA;Sol.;SD;Rep.;EDU;FPS;Lega;MCR;LS;weitere;kleine Linksparteien;kleine Rechtsparteien
Aargau;1969;200;40;47;57;30;NA;12;4;NA;0;0;0;NA;NA;NA;NA;0;NA;0;0;0;0;NA;NA;NA;10;0;0
Aargau;1973;200;41;54;46;30;NA;9;8;NA;0;0;0;NA;NA;NA;NA;0;NA;4;6;0;0;NA;NA;NA;2;0;10
Aargau;1977;200;46;45;51;29;NA;11;8;NA;0;0;0;NA;NA;NA;NA;0;NA;6;4;0;0;NA;NA;NA;0;0;10
Aargau;1981;200;48;50;51;34;NA;7;10;NA;0;0;0;NA;NA;NA;NA;0;NA;0;0;0;0;NA;NA;NA;0;0;0
Aargau;1985;200;52;48;44;32;NA;6;9;NA;0;0;0;NA;NA;NA;NA;5;NA;3;0;0;0;NA;NA;NA;1;5;3
Aargau;1989;200;45;42;37;34;NA;6;9;NA;0;0;11;NA;NA;NA;NA;0;NA;3;0;0;12;NA;NA;NA;1;0;15
Aargau;1993;200;41;37;44;36;NA;5;8;NA;0;0;7;NA;NA;NA;NA;0;NA;3;0;0;19;NA;NA;NA;0;0;22
Aargau;1997;200;40;37;48;47;NA;2;8;NA;0;0;6;NA;NA;NA;NA;0;NA;7;0;1;4;NA;NA;NA;0;0;12
Aargau;2001;200;40;32;36;72;NA;0;8;NA;0;0;7;NA;NA;NA;NA;0;NA;4;0;0;1;NA;NA;NA;0;0;5
Aargau;2005;140;24;26;30;46;NA;0;7;NA;0;0;7;NA;NA;NA;NA;0;NA;0;0;0;0;NA;NA;NA;0;0;0
Aargau;2009;140;20;21;22;45;NA;0;6;NA;5;4;13;NA;NA;NA;NA;0;NA;2;0;2;0;NA;NA;NA;0;0;4
Aargau;2012;140;22;19;22;45;NA;0;6;NA;8;6;10;NA;NA;NA;NA;0;NA;0;0;2;0;NA;NA;NA;0;0;2
Aargau;2016;140;22;17;27;45;NA;0;6;NA;7;4;10;NA;NA;NA;NA;0;NA;0;0;2;0;NA;NA;NA;0;0;2
Appenzell A. Rh.;2003;65;31;2;5;11;NA;NA;0;NA;NA;NA;NA;NA;NA;NA;NA;NA;NA;NA;NA;NA;NA;NA;NA;NA;16;0;0
Appenzell A. Rh.;2007;65;26;3;4;8;NA;NA;2;NA;NA;NA;NA;NA;NA;NA;NA;NA;NA;NA;NA;NA;NA;NA;NA;NA;22;0;0
Appenzell A. Rh.;2011;65;24;3;5;10;NA;NA;1;NA;NA;NA;NA;NA;NA;NA;NA;NA;NA;NA;NA;NA;NA;NA;NA;NA;22;0;0
Appenzell A. Rh.;2015;65;23;4;7;12;NA;NA;1;NA;NA;NA;NA;NA;NA;NA;NA;NA;NA;NA;NA;NA;NA;NA;NA;NA;18;0;0
Basel-Landschaft;1971;80;23;12;23;10;0;6;2;NA;0;0;0;NA;NA;NA;0;NA;NA;3;NA;NA;NA;NA;NA;NA;1;0;3
Basel-Landschaft;1975;80;24;12;24;8;0;5;2;NA;0;0;0;NA;NA;NA;2;NA;NA;3;NA;NA;NA;NA;NA;NA;0;2;3
Basel-Landschaft;1979;80;25;12;27;8;1;2;2;NA;0;0;0;NA;NA;NA;3;NA;NA;0;NA;NA;NA;NA;NA;NA;0;3;0
Basel-Landschaft;1983;84;24;13;23;9;3;3;4;NA;0;0;0;NA;NA;NA;4;NA;NA;1;NA;NA;NA;NA;NA;NA;0;4;1
Basel-Landschaft;1987;84;23;12;21;9;0;1;4;NA;0;0;10;Na;NA;NA;0;NA;NA;4;NA;NA;NA;NA;NA;NA;0;0;4
Basel-Landschaft;1991;84;24;13;21;9;0;0;4;NA;0;0;8;NA;NA;NA;0;NA;NA;5;NA;NA;NA;NA;NA;NA;0;0;5
Basel-Landschaft;1995;90;25;13;24;11;0;0;4;NA;0;0;6;NA;NA;NA;0;NA;NA;7;NA;NA;NA;NA;NA;NA;0;0;7
Basel-Landschaft;1999;90;22;12;25;14;0;0;3;NA;0;0;5;NA;NA;NA;0;NA;NA;9;NA;NA;NA;NA;NA;NA;0;0;9
Basel-Landschaft;2003;90;19;11;25;20;0;0;3;NA;0;0;8;NA;NA;NA;0;NA;NA;4;NA;NA;NA;NA;NA;NA;0;0;4
Basel-Landschaft;2007;90;20;11;22;21;0;0;4;NA;0;0;11;NA;NA;NA;0;NA;NA;1;NA;NA;NA;NA;NA;NA;0;0;1
Basel-Landschaft;2011;90;14;8;21;24;0;0;4;NA;3;4;12;NA;NA;NA;0;NA;NA;0;NA;NA;NA;NA;NA;NA;0;0;0
Basel-Landschaft;2015;90;17;8;21;28;0;0;4;NA;3;1;8;NA;NA;NA;0;NA;NA;0;NA;NA;NA;NA;NA;NA;0;0;0
Basel-Stadt;1968;130;20;20;36;0;19;19;5;NA;0;NA;0;0;8;NA;0;0;NA;2;NA;NA;0;NA;NA;NA;1;8;2
Basel-Stadt;1972;130;14;17;36;1;19;12;6;NA;0;NA;0;0;9;NA;5;0;NA;10;NA;NA;0;NA;NA;NA;1;14;10
Basel-Stadt;1976;130;18;16;39;0;19;8;6;NA;0;NA;0;0;8;NA;7;0;NA;9;NA;NA;0;NA;NA;NA;0;15;9
Basel-Stadt;1980;130;22;18;37;0;18;5;7;NA;0;NA;0;0;6;NA;13;0;NA;4;NA;NA;0;NA;NA;NA;0;19;4
Basel-Stadt;1984;130;21;15;28;0;15;5;10;NA;0;NA;0;11;3;NA;15;0;NA;7;NA;NA;0;NA;NA;NA;0;29;7
Basel-Stadt;1988;130;19;15;27;0;15;8;7;NA;0;NA;2;9;2;NA;12;3;NA;10;NA;NA;0;NA;NA;NA;1;26;10
Basel-Stadt;1992;130;21;15;32;0;17;3;6;NA;0;NA;3;10;1;NA;6;5;NA;8;NA;NA;3;NA;NA;NA;0;22;11
Basel-Stadt;1996;130;17;13;39;1;14;0;6;NA;0;NA;13;10;0;NA;0;7;NA;8;NA;NA;2;NA;NA;NA;0;17;10
Basel-Stadt;2000;130;18;14;39;14;16;0;6;NA;0;NA;7;6;0;NA;0;5;NA;5;NA;NA;0;NA;NA;NA;0;11;5
Basel-Stadt;2004;130;17;11;46;15;12;0;6;NA;0;NA;16;6;0;NA;0;0;NA;0;NA;NA;0;NA;NA;NA;1;6;0
Basel-Stadt;2008;100;11;8;32;14;9;0;4;NA;5;NA;13;3;0;NA;0;0;NA;0;NA;NA;0;NA;NA;NA;1;3;0
Basel-Stadt;2012;100;12;8;33;15;10;0;1;NA;5;NA;13;0;0;NA;0;0;NA;0;NA;NA;0;NA;NA;NA;3;0;0
Basel-Stadt;2016;100;10;7;34;15;14;0;1;NA;4;NA;14;0;0;NA;0;0;NA;0;NA;NA;0;NA;NA;NA;1;0;0
Bern;1970;200;37;10;63;79;NA;5;2;0;0;0;0;NA;NA;0;0;0;NA;0;NA;0;0;NA;NA;NA;4;0;0
Bern;1974;200;37;10;59;79;NA;2;3;2;0;0;0;NA;NA;0;1;0;NA;5;NA;0;0;NA;NA;NA;2;1;5
Bern;1978;200;40;10;57;75;NA;3;4;2;0;0;0;NA;NA;0;1;1;NA;1;NA;1;0;NA;NA;NA;5;2;2
Bern;1982;200;42;6;52;78;NA;2;7;0;0;0;0;NA;NA;1;1;3;NA;4;NA;1;0;NA;NA;NA;3;5;5
Bern;1986;200;40;6;49;69;NA;4;6;0;0;0;14;NA;NA;1;2;0;NA;5;NA;1;0;NA;NA;NA;3;3;6
Bern;1990;200;35;3;57;71;NA;3;4;0;0;0;14;NA;NA;2;0;3;NA;3;NA;2;1;NA;NA;NA;2;5;6
Bern;1994;200;35;2;54;71;NA;2;7;0;0;0;10;NA;NA;2;0;5;NA;2;NA;3;6;NA;NA;NA;1;7;11
Bern;1998;200;38;2;58;66;NA;0;8;0;0;0;9;NA;NA;2;0;5;NA;3;NA;4;4;NA;NA;NA;1;7;11
Bern;2002;200;36;2;58;67;NA;0;11;0;0;0;15;NA;NA;2;0;0;NA;3;NA;4;0;NA;NA;NA;2;2;7
Bern;2006;160;26;1;42;47;NA;0;13;0;0;0;19;NA;NA;3;0;0;NA;1;NA;6;1;NA;NA;NA;1;3;8
Bern;2010;160;17;1;35;44;NA;0;10;0;4;25;16;NA;NA;3;0;0;NA;0;NA;5;0;NA;NA;NA;0;3;5
Bern;2014;160;17;0;33;49;NA;0;12;0;11;14;16;NA;NA;3;0;0;NA;0;NA;5;0;NA;NA;NA;0;3;5
Bern;2018;160;20;0;38;46;NA;0;10;0;11;13;14;NA;NA;2;0;0;NA;0;NA;5;0;NA;NA;NA;0;2;5
Freiburg;1971;130;30;57;29;9;NA;NA;0;5;0;0;0;0;NA;NA;NA;0;NA;NA;NA;NA;NA;NA;NA;NA;0;0;0
Freiburg;1976;130;31;57;29;9;NA;NA;0;4;0;0;0;0;NA;NA;NA;0;NA;NA;NA;NA;NA;NA;NA;NA;0;0;0
Freiburg;1981;130;29;47;33;9;NA;NA;0;12;0;0;0;0;NA;NA;NA;0;NA;NA;NA;NA;NA;NA;NA;NA;0;0;0
Freiburg;1986;130;27;50;32;10;NA;NA;0;11;0;0;0;0;NA;NA;NA;0;NA;NA;NA;NA;NA;NA;NA;NA;0;0;0
Freiburg;1991;130;24;46;29;10;NA;NA;0;9;0;0;0;7;NA;NA;NA;4;NA;NA;NA;NA;NA;NA;NA;NA;1;11;0
Freiburg;1996;130;25;45;32;8;NA;NA;0;10;0;0;2;5;NA;NA;NA;0;NA;NA;NA;NA;NA;NA;NA;NA;3;5;0
Freiburg;2001;130;26;45;26;16;NA;NA;0;10;0;0;1;4;NA;NA;NA;0;NA;NA;NA;NA;NA;NA;NA;NA;2;4;0
Freiburg;2006;110;19;37;25;18;NA;NA;1;4;0;0;3;0;NA;NA;NA;0;NA;NA;NA;NA;NA;NA;NA;NA;3;0;0
Freiburg;2011;110;17;31;29;21;NA;NA;0;4;2;2;3;0;NA;NA;NA;0;NA;NA;NA;NA;NA;NA;NA;NA;1;0;0
Freiburg;2016;110;21;27;28;21;NA;NA;0;4;1;0;6;0;NA;NA;NA;0;NA;NA;NA;NA;NA;NA;NA;NA;2;0;0
Genf;1969;100;23;20;21;0;18;NA;NA;NA;NA;NA;0;NA;18;NA;NA;NA;0;NA;0;NA;NA;NA;0;NA;0;18;0
Genf;1973;100;22;17;18;0;16;NA;NA;NA;NA;NA;0;NA;17;NA;NA;NA;0;NA;10;NA;NA;NA;0;NA;0;17;10
Genf;1977;100;17;15;24;0;20;NA;NA;NA;NA;NA;0;NA;16;NA;NA;NA;0;NA;8;NA;NA;NA;0;NA;0;16;8
Genf;1981;100;19;13;26;0;25;NA;NA;NA;NA;NA;0;NA;10;NA;NA;NA;0;NA;7;NA;NA;NA;0;NA;0;10;7
Genf;1985;100;15;13;18;0;19;NA;NA;NA;NA;NA;8;NA;8;NA;NA;NA;0;NA;19;NA;NA;NA;0;NA;0;8;19
Genf;1989;100;13;14;21;0;22;NA;NA;NA;NA;NA;13;NA;8;NA;NA;NA;0;NA;9;NA;NA;NA;0;NA;0;8;9
Genf;1993;100;15;14;15;0;27;NA;NA;NA;NA;NA;8;NA;21;NA;NA;NA;0;NA;0;NA;NA;NA;0;NA;0;21;0
Genf;1997;100;14;12;22;0;23;NA;NA;NA;NA;NA;10;NA;19;NA;NA;NA;0;NA;0;NA;NA;NA;0;NA;0;19;0
Genf;2001;100;12;12;19;10;23;NA;NA;NA;NA;NA;11;NA;13;NA;NA;NA;0;NA;0;NA;NA;NA;0;NA;0;13;0
Genf;2005;100;12;12;17;11;23;NA;NA;NA;NA;NA;16;NA;0;NA;NA;NA;0;NA;0;NA;NA;NA;9;NA;0;0;9
Genf;2009;100;11;11;15;9;20;NA;NA;NA;NA;NA;17;NA;0;NA;NA;NA;0;NA;0;NA;NA;NA;17;NA;0;0;17
Genf;2013;100;24;11;15;11;0;NA;NA;NA;NA;NA;10;NA;1;NA;NA;NA;5;NA;0;NA;NA;NA;20;NA;3;6;20
Genf;2018;100;28;12;17;8;0;NA;NA;NA;NA;NA;15;NA;1;NA;NA;NA;6;NA;0;NA;NA;NA;11;NA;2;7;11
Glarus;1971;77;27;14;12;22;NA;NA;NA;NA;0;0;0;NA;NA;NA;NA;NA;NA;NA;NA;NA;NA;NA;NA;NA;2;0;0
Glarus;1974;77;25;16;15;19;NA;NA;NA;NA;0;0;0;NA;NA;NA;NA;NA;NA;NA;NA;NA;NA;NA;NA;NA;2;0;0
Glarus;1978;77;25;17;15;20;NA;NA;NA;NA;0;0;0;NA;NA;NA;NA;NA;NA;NA;NA;NA;NA;NA;NA;NA;0;0;0
Glarus;1982;80;27;17;14;22;NA;NA;NA;NA;0;0;0;NA;NA;NA;NA;NA;NA;NA;NA;NA;NA;NA;NA;NA;0;0;0
Glarus;1986;80;24;17;13;24;NA;NA;NA;NA;0;0;0;NA;NA;NA;NA;NA;NA;NA;NA;NA;NA;NA;NA;NA;2;0;0
Glarus;1990;80;23;15;15;22;NA;NA;NA;NA;0;0;3;NA;NA;NA;NA;NA;NA;NA;NA;NA;NA;NA;NA;NA;2;0;0
Glarus;1994;80;26;15;14;21;NA;NA;NA;NA;0;0;3;NA;NA;NA;NA;NA;NA;NA;NA;NA;NA;NA;NA;NA;1;0;0
Glarus;1998;80;24;13;15;21;NA;NA;NA;NA;0;0;5;NA;NA;NA;NA;NA;NA;NA;NA;NA;NA;NA;NA;NA;2;0;0
Glarus;2002;80;26;13;12;21;NA;NA;NA;NA;0;0;6;NA;NA;NA;NA;NA;NA;NA;NA;NA;NA;NA;NA;NA;2;0;0
Glarus;2006;80;23;12;12;26;NA;NA;NA;NA;0;0;6;NA;NA;NA;NA;NA;NA;NA;NA;NA;NA;NA;NA;NA;1;0;0
Glarus;2010;60;12;6;8;17;NA;NA;NA;NA;0;10;7;NA;NA;NA;NA;NA;NA;NA;NA;NA;NA;NA;NA;NA;0;0;0
Glarus;2014;60;12;6;7;17;NA;NA;NA;NA;2;9;7;NA;NA;NA;NA;NA;NA;NA;NA;NA;NA;NA;NA;NA;0;0;0
Glarus;2018;60;11;6;8;16;NA;NA;NA;NA;4;8;7;NA;NA;NA;NA;NA;NA;NA;NA;NA;NA;NA;NA;NA;0;0;0
Graubünden;1969;113;32;36;8;37;NA;0;NA;0;0;0;NA;0;NA;NA;NA;0;NA;NA;NA;NA;NA;NA;NA;NA;0;0;0
Graubünden;1971;113;29;38;8;38;NA;0;NA;0;0;0;NA;0;NA;NA;NA;0;NA;NA;NA;NA;NA;NA;NA;NA;0;0;0
Graubünden;1973;120;31;43;8;38;NA;0;NA;0;0;0;NA;0;NA;NA;NA;0;NA;NA;NA;NA;NA;NA;NA;NA;0;0;0
Graubünden;1975;120;31;39;7;42;NA;1;NA;0;0;0;NA;0;NA;NA;NA;0;NA;NA;NA;NA;NA;NA;NA;NA;0;0;0
Graubünden;1977;120;27;41;8;43;NA;1;NA;0;0;0;NA;0;NA;NA;NA;0;NA;NA;NA;NA;NA;NA;NA;NA;0;0;0
Graubünden;1979;120;28;39;9;42;NA;1;NA;0;0;0;NA;0;NA;NA;NA;0;NA;NA;NA;NA;NA;NA;NA;NA;1;0;0
Graubünden;1981;120;28;39;10;40;NA;1;NA;0;0;0;NA;0;NA;NA;NA;0;NA;NA;NA;NA;NA;NA;NA;NA;2;0;0
Graubünden;1983;120;28;36;9;42;NA;1;NA;0;0;0;NA;0;NA;NA;NA;0;NA;NA;NA;NA;NA;NA;NA;NA;4;0;0
Graubünden;1985;120;28;40;5;42;NA;1;NA;0;0;0;NA;0;NA;NA;NA;0;NA;NA;NA;NA;NA;NA;NA;NA;4;0;0
Graubünden;1987;120;30;38;10;40;NA;0;NA;0;0;0;NA;0;NA;NA;NA;0;NA;NA;NA;NA;NA;NA;NA;NA;2;0;0
Graubünden;1989;120;27;38;6;41;NA;0;NA;3;0;0;NA;4;NA;NA;NA;0;NA;NA;NA;NA;NA;NA;NA;NA;1;4;0
Graubünden;1991;120;24;39;8;42;NA;0;NA;3;0;0;NA;2;NA;NA;NA;1;NA;NA;NA;NA;NA;NA;NA;NA;1;3;0
Graubünden;1994;120;26;38;7;41;NA;0;NA;3;0;0;NA;2;NA;NA;NA;0;NA;NA;NA;NA;NA;NA;NA;NA;3;2;0
Graubünden;1997;120;27;38;10;40;NA;0;NA;3;0;0;NA;1;NA;NA;NA;0;NA;NA;NA;NA;NA;NA;NA;NA;1;1;0
Graubünden;2000;120;34;37;13;33;NA;0;NA;0;0;0;NA;1;NA;NA;NA;0;NA;NA;NA;NA;NA;NA;NA;NA;2;1;0
Graubünden;2003;120;29;40;13;33;NA;0;NA;0;0;0;NA;1;NA;NA;NA;0;NA;NA;NA;NA;NA;NA;NA;NA;4;1;0
Graubünden;2006;120;33;35;14;32;NA;0;NA;0;0;0;NA;1;NA;NA;NA;0;NA;NA;NA;NA;NA;NA;NA;NA;5;1;0
Graubünden;2010;120;38;33;12;4;NA;0;NA;0;2;26;NA;0;NA;NA;NA;0;NA;NA;NA;NA;NA;NA;NA;NA;5;0;0
Graubünden;2014;120;33;31;15;9;NA;0;NA;0;2;28;NA;0;NA;NA;NA;0;NA;NA;NA;NA;NA;NA;NA;NA;2;0;0
Graubünden;2018;120;36;30;18;9;NA;0;NA;0;3;23;NA;0;NA;NA;NA;0;NA;NA;NA;NA;NA;NA;NA;NA;1;0;0
Jura;1978;60;14;21;11;1;NA;NA;NA;8;NA;NA;0;NA;2;NA;NA;0;NA;NA;NA;NA;NA;NA;NA;NA;3;2;0
Jura;1982;60;16;20;11;1;NA;NA;NA;8;NA;NA;0;NA;1;NA;NA;1;NA;NA;NA;NA;NA;NA;NA;NA;2;2;0
Jura;1986;60;16;22;11;1;NA;NA;NA;8;NA;NA;0;NA;1;NA;NA;1;NA;NA;NA;NA;NA;NA;NA;NA;0;2;0
Jura;1990;60;15;21;12;1;NA;NA;NA;8;NA;NA;0;NA;0;NA;NA;3;NA;NA;NA;NA;NA;NA;NA;NA;0;3;0
Jura;1994;60;15;22;12;1;NA;NA;NA;8;NA;NA;0;NA;0;NA;NA;2;NA;NA;NA;NA;NA;NA;NA;NA;0;2;0
Jura;1998;60;14;19;15;1;NA;NA;NA;8;NA;NA;0;NA;1;NA;NA;2;NA;NA;NA;NA;NA;NA;NA;NA;0;3;0
Jura;2002;60;12;20;15;2;NA;NA;NA;8;NA;NA;0;NA;1;NA;NA;2;NA;NA;NA;NA;NA;NA;NA;NA;0;3;0
Jura;2006;60;11;19;13;3;NA;NA;NA;9;NA;NA;2;NA;2;NA;NA;1;NA;NA;NA;NA;NA;NA;NA;NA;0;3;0
Jura;2010;60;8;19;14;4;NA;NA;NA;8;NA;NA;4;NA;1;NA;NA;2;NA;NA;NA;NA;NA;NA;NA;NA;0;3;0
Jura;2015;60;9;17;12;8;NA;NA;NA;8;NA;NA;4;NA;2;NA;NA;0;NA;NA;NA;NA;NA;NA;NA;NA;0;2;0
Luzern;1971;170;55;85;11;0;NA;12;NA;3;0;NA;0;NA;NA;NA;0;0;NA;4;NA;NA;NA;NA;NA;NA;0;0;4
Luzern;1975;170;56;88;13;0;NA;8;NA;2;0;NA;0;NA;NA;NA;1;0;NA;2;NA;NA;NA;NA;NA;NA;0;1;2
Luzern;1979;170;58;88;13;0;NA;3;NA;3;0;NA;0;NA;NA;NA;5;0;NA;0;NA;NA;NA;NA;NA;NA;0;5;0
Luzern;1983;170;56;87;12;0;NA;2;NA;2;0;NA;0;NA;NA;NA;10;1;NA;0;NA;NA;NA;NA;NA;NA;0;11;0
Luzern;1987;170;56;85;11;0;NA;0;NA;1;0;NA;0;NA;NA;NA;0;17;NA;0;NA;NA;NA;NA;NA;NA;0;17;0
Luzern;1991;170;57;82;16;0;NA;0;NA;1;0;NA;13;NA;NA;NA;0;1;NA;0;NA;NA;NA;NA;NA;NA;0;1;0
Luzern;1995;170;51;77;18;11;NA;0;NA;1;0;NA;11;NA;NA;NA;0;1;NA;0;NA;NA;NA;NA;NA;NA;0;1;0
Luzern;1999;120;31;48;12;22;NA;0;NA;0;0;NA;7;NA;NA;NA;0;0;NA;0;NA;NA;NA;NA;NA;NA;0;0;0
Luzern;2003;120;28;44;16;26;NA;0;NA;0;0;NA;6;NA;NA;NA;0;0;NA;0;NA;NA;NA;NA;NA;NA;0;0;0
Luzern;2007;120;29;46;13;23;NA;0;NA;0;0;NA;9;NA;NA;NA;0;0;NA;0;NA;NA;NA;NA;NA;NA;0;0;0
Luzern;2011;120;23;39;16;27;NA;0;NA;0;6;NA;9;NA;NA;NA;0;0;NA;0;NA;NA;NA;NA;NA;NA;0;0;0
Luzern;2015;120;25;38;16;29;NA;0;NA;0;5;NA;7;NA;NA;NA;0;0;NA;0;NA;NA;NA;NA;NA;NA;0;0;0
Neuenburg;1969;115;35;1;38;0;22;0;NA;NA;0;NA;0;NA;8;NA;NA;NA;0;NA;NA;NA;NA;NA;NA;NA;11;8;0
Neuenburg;1973;115;35;0;41;0;26;0;NA;NA;0;NA;0;NA;6;NA;NA;NA;0;NA;NA;NA;NA;NA;NA;NA;7;6;0
Neuenburg;1977;115;30;0;41;0;27;4;NA;NA;0;NA;0;NA;6;NA;NA;NA;0;NA;NA;NA;NA;NA;NA;NA;7;6;0
Neuenburg;1981;115;29;0;46;0;33;3;NA;NA;0;NA;0;NA;4;NA;NA;NA;0;NA;NA;NA;NA;NA;NA;NA;0;4;0
Neuenburg;1985;115;31;0;42;0;38;0;NA;NA;0;NA;0;NA;4;NA;NA;NA;0;NA;NA;NA;NA;NA;NA;NA;0;4;0
Neuenburg;1989;115;25;0;45;0;34;0;NA;NA;0;NA;6;NA;4;NA;NA;NA;0;NA;NA;NA;NA;NA;NA;NA;1;4;0
Neuenburg;1993;115;29;0;39;0;38;0;NA;NA;0;NA;5;NA;4;NA;NA;NA;0;NA;NA;NA;NA;NA;NA;NA;0;4;0
Neuenburg;1997;115;24;0;41;0;38;0;NA;NA;0;NA;5;NA;6;NA;NA;NA;1;NA;NA;NA;NA;NA;NA;NA;0;7;0
Neuenburg;2001;115;25;0;39;0;35;0;NA;NA;0;NA;7;NA;7;NA;NA;NA;2;NA;NA;NA;NA;NA;NA;NA;0;9;0
Neuenburg;2005;115;15;0;41;17;25;0;NA;NA;0;NA;10;NA;6;NA;NA;NA;1;NA;NA;NA;NA;NA;NA;NA;0;7;0
Neuenburg;2009;115;41;0;36;14;0;0;NA;NA;0;NA;14;NA;8;NA;NA;NA;2;NA;NA;NA;NA;NA;NA;NA;0;10;0
Neuenburg;2013;115;35;1;33;20;0;0;NA;NA;5;NA;12;NA;8;NA;NA;NA;1;NA;NA;NA;NA;NA;NA;NA;0;9;0
Neuenburg;2017;115;43;2;32;9;0;0;NA;NA;4;NA;17;NA;6;NA;NA;NA;2;NA;NA;NA;NA;NA;NA;NA;0;8;0
Nidwalden;1970;60;18;41;1;0;NA;NA;NA;NA;NA;NA;0;NA;NA;NA;NA;NA;NA;NA;NA;NA;NA;NA;NA;NA;0;0;0
Nidwalden;1974;60;18;42;0;0;NA;NA;NA;NA;NA;NA;0;NA;NA;NA;NA;NA;NA;NA;NA;NA;NA;NA;NA;NA;0;0;0
Nidwalden;1978;60;18;42;0;0;NA;NA;NA;NA;NA;NA;0;NA;NA;NA;NA;NA;NA;NA;NA;NA;NA;NA;NA;NA;0;0;0
Nidwalden;1982;60;22;35;1;0;NA;NA;NA;NA;NA;NA;0;NA;NA;NA;NA;NA;NA;NA;NA;NA;NA;NA;NA;NA;2;0;0
Nidwalden;1986;60;25;32;0;0;NA;NA;NA;NA;NA;NA;0;NA;NA;NA;NA;NA;NA;NA;NA;NA;NA;NA;NA;NA;3;0;0
Nidwalden;1990;60;22;30;0;0;NA;NA;NA;NA;NA;NA;0;NA;NA;NA;NA;NA;NA;NA;NA;NA;NA;NA;NA;NA;8;0;0
Nidwalden;1994;60;21;33;0;0;NA;NA;NA;NA;NA;NA;0;NA;NA;NA;NA;NA;NA;NA;NA;NA;NA;NA;NA;NA;6;0;0
Nidwalden;1998;60;21;30;1;0;NA;NA;NA;NA;NA;NA;0;NA;NA;NA;NA;NA;NA;NA;NA;NA;NA;NA;NA;NA;8;0;0
Nidwalden;2002;60;19;24;2;7;NA;NA;NA;NA;NA;NA;7;NA;NA;NA;NA;NA;NA;NA;NA;NA;NA;NA;NA;NA;1;0;0
Nidwalden;2006;60;18;23;1;10;NA;NA;NA;NA;NA;NA;7;NA;NA;NA;NA;NA;NA;NA;NA;NA;NA;NA;NA;NA;1;0;0
Nidwalden;2010;60;17;18;1;19;NA;NA;NA;NA;NA;NA;5;NA;NA;NA;NA;NA;NA;NA;NA;NA;NA;NA;NA;NA;0;0;0
Nidwalden;2014;60;15;17;3;17;NA;NA;NA;NA;NA;NA;8;NA;NA;NA;NA;NA;NA;NA;NA;NA;NA;NA;NA;NA;0;0;0
Nidwalden;2018;60;17;16;3;15;NA;NA;NA;NA;NA;NA;8;NA;NA;NA;NA;NA;NA;NA;NA;NA;NA;NA;NA;NA;1;0;0
Obwalden;1970;45;8;36;0;0;NA;NA;NA;0;NA;NA;NA;NA;NA;NA;NA;NA;NA;NA;NA;NA;NA;NA;NA;NA;1;0;0
Obwalden;1974;51;15;34;0;0;NA;NA;NA;0;NA;NA;NA;NA;NA;NA;NA;NA;NA;NA;NA;NA;NA;NA;NA;NA;2;0;0
Obwalden;1978;51;13;33;0;0;NA;NA;NA;0;NA;NA;NA;NA;NA;NA;NA;NA;NA;NA;NA;NA;NA;NA;NA;NA;5;0;0
Obwalden;1982;52;14;33;0;0;NA;NA;NA;0;NA;NA;NA;NA;NA;NA;NA;NA;NA;NA;NA;NA;NA;NA;NA;NA;5;0;0
Obwalden;1986;52;12;33;0;0;NA;NA;NA;0;NA;NA;NA;NA;NA;NA;NA;NA;NA;NA;NA;NA;NA;NA;NA;NA;7;0;0
Obwalden;1990;55;14;35;0;0;NA;NA;NA;0;NA;NA;NA;NA;NA;NA;NA;NA;NA;NA;NA;NA;NA;NA;NA;NA;6;0;0
Obwalden;1994;55;14;37;0;0;NA;NA;NA;0;NA;NA;NA;NA;NA;NA;NA;NA;NA;NA;NA;NA;NA;NA;NA;NA;4;0;0
Obwalden;1998;55;13;35;6;0;NA;NA;NA;0;NA;NA;NA;NA;NA;NA;NA;NA;NA;NA;NA;NA;NA;NA;NA;NA;1;0;0
Obwalden;2002;55;11;29;8;7;NA;NA;NA;0;NA;NA;NA;NA;NA;NA;NA;NA;NA;NA;NA;NA;NA;NA;NA;NA;0;0;0
Obwalden;2006;55;10;23;6;6;NA;NA;NA;10;NA;NA;NA;NA;NA;NA;NA;NA;NA;NA;NA;NA;NA;NA;NA;NA;0;0;0
Obwalden;2010;55;10;20;6;11;NA;NA;NA;8;NA;NA;NA;NA;NA;NA;NA;NA;NA;NA;NA;NA;NA;NA;NA;NA;0;0;0
Obwalden;2014;55;10;19;6;13;NA;NA;NA;7;NA;NA;NA;NA;NA;NA;NA;NA;NA;NA;NA;NA;NA;NA;NA;NA;0;0;0
Obwalden;2018;55;8;16;8;15;NA;NA;NA;8;NA;NA;NA;NA;NA;NA;NA;NA;NA;NA;NA;NA;NA;NA;NA;NA;0;0;0
Schaffhausen;1968;80;19;7;27;18;NA;5;1;NA;0;NA;0;NA;NA;NA;0;0;NA;0;NA;0;0;NA;NA;1;2;0;1
Schaffhausen;1972;80;19;7;27;17;NA;4;2;NA;0;NA;0;NA;NA;NA;0;0;NA;1;NA;0;0;NA;NA;1;2;0;2
Schaffhausen;1976;80;19;7;25;16;NA;6;3;NA;0;NA;0;NA;NA;NA;2;0;NA;0;NA;0;0;NA;NA;0;2;2;0
Schaffhausen;1980;80;20;7;26;16;NA;5;3;NA;0;NA;0;NA;NA;NA;2;0;NA;0;NA;0;0;NA;NA;0;1;2;0
Schaffhausen;1984;80;20;7;25;18;NA;4;2;NA;0;NA;0;NA;NA;NA;2;0;NA;0;NA;0;0;NA;NA;0;2;2;0
Schaffhausen;1988;80;15;6;26;17;NA;2;2;NA;0;NA;0;NA;NA;NA;0;1;NA;0;NA;0;8;NA;NA;0;3;1;8
Schaffhausen;1992;80;17;5;20;19;NA;0;1;NA;0;NA;0;NA;NA;NA;0;1;NA;0;NA;0;7;NA;NA;0;10;1;7
Schaffhausen;1996;80;17;4;23;23;NA;0;2;NA;0;NA;4;NA;NA;NA;0;0;NA;0;NA;0;3;NA;NA;0;4;0;3
Schaffhausen;2000;80;16;5;21;27;NA;0;2;NA;0;NA;6;NA;NA;NA;0;0;NA;0;NA;0;0;NA;NA;0;3;0;0
Schaffhausen;2004;80;14;3;24;30;NA;0;1;NA;0;NA;6;NA;NA;NA;0;1;NA;0;NA;0;0;NA;NA;0;1;1;0
Schaffhausen;2008;60;14;3;14;19;NA;0;1;NA;0;NA;5;NA;NA;NA;0;3;NA;0;NA;1;0;NA;NA;0;0;3;1
Schaffhausen;2012;60;11;3;14;20;NA;0;1;NA;0;NA;4;NA;NA;NA;0;5;NA;0;NA;2;0;NA;NA;0;0;5;2
Schaffhausen;2016;60;10;2;14;21;NA;0;1;NA;4;NA;2;NA;NA;NA;0;4;NA;0;NA;2;0;NA;NA;0;0;4;2
Schwyz;1968;100;32;54;14;0;NA;NA;NA;NA;0;NA;0;NA;NA;NA;NA;0;NA;NA;NA;NA;NA;NA;NA;NA;0;0;0
Schwyz;1972;100;27;55;15;2;NA;NA;NA;NA;0;NA;0;NA;NA;NA;NA;0;NA;NA;NA;NA;NA;NA;NA;NA;1;0;0
Schwyz;1976;100;29;52;16;1;NA;NA;NA;NA;0;NA;0;NA;NA;NA;NA;0;NA;NA;NA;NA;NA;NA;NA;NA;2;0;0
Schwyz;1980;100;29;53;14;3;NA;NA;NA;NA;0;NA;0;NA;NA;NA;NA;1;NA;NA;NA;NA;NA;NA;NA;NA;0;1;0
Schwyz;1984;100;25;55;14;4;NA;NA;NA;NA;0;NA;0;NA;NA;NA;NA;2;NA;NA;NA;NA;NA;NA;NA;NA;0;2;0
Schwyz;1988;100;30;49;13;4;NA;NA;NA;NA;0;NA;4;NA;NA;NA;NA;0;NA;NA;NA;NA;NA;NA;NA;NA;0;0;0
Schwyz;1992;100;34;48;11;5;NA;NA;NA;NA;0;NA;2;NA;NA;NA;NA;0;NA;NA;NA;NA;NA;NA;NA;NA;0;0;0
Schwyz;1996;100;29;46;11;12;NA;NA;NA;NA;0;NA;1;NA;NA;NA;NA;0;NA;NA;NA;NA;NA;NA;NA;NA;1;0;0
Schwyz;2000;100;26;43;11;20;NA;NA;NA;NA;0;NA;0;NA;NA;NA;NA;0;NA;NA;NA;NA;NA;NA;NA;NA;0;0;0
Schwyz;2004;100;24;34;15;27;NA;NA;NA;NA;0;NA;0;NA;NA;NA;NA;0;NA;NA;NA;NA;NA;NA;NA;NA;0;0;0
Schwyz;2008;100;21;29;9;41;NA;NA;NA;NA;0;NA;0;NA;NA;NA;NA;0;NA;NA;NA;NA;NA;NA;NA;NA;0;0;0
Schwyz;2012;100;23;29;10;35;NA;NA;NA;NA;0;NA;1;NA;NA;NA;NA;0;NA;NA;NA;NA;NA;NA;NA;NA;2;0;0
Schwyz;2016;100;22;27;13;33;NA;NA;NA;NA;3;NA;1;NA;NA;NA;NA;0;NA;NA;NA;NA;NA;NA;NA;NA;1;0;0
Solothurn;1969;144;66;36;36;0;NA;6;0;NA;0;0;0;NA;NA;NA;0;0;NA;NA;NA;NA;0;NA;NA;NA;0;0;0
Solothurn;1973;144;65;40;37;0;NA;1;0;NA;0;0;0;NA;NA;NA;1;0;NA;NA;NA;NA;0;NA;NA;NA;0;1;0
Solothurn;1977;144;65;41;37;0;NA;0;0;NA;0;0;0;NA;NA;NA;1;0;NA;NA;NA;NA;0;NA;NA;NA;0;1;0
Solothurn;1981;144;66;45;33;0;NA;0;0;NA;0;0;0;NA;NA;NA;0;0;NA;NA;NA;NA;0;NA;NA;NA;0;0;0
Solothurn;1985;144;64;44;32;0;NA;0;0;NA;0;0;0;NA;NA;NA;0;4;NA;NA;NA;NA;0;NA;NA;NA;0;4;0
Solothurn;1989;144;53;42;33;0;NA;0;0;NA;0;0;0;NA;NA;NA;0;9;NA;NA;NA;NA;7;NA;NA;NA;0;9;7
Solothurn;1993;144;54;39;36;0;NA;0;0;NA;0;0;8;NA;NA;NA;0;0;NA;NA;NA;NA;7;NA;NA;NA;0;0;7
Solothurn;1997;144;54;36;37;7;NA;0;0;NA;0;0;6;NA;NA;NA;0;0;NA;NA;NA;NA;4;NA;NA;NA;0;0;4
Solothurn;2001;144;53;32;37;21;NA;0;0;NA;0;0;1;NA;NA;NA;0;0;NA;NA;NA;NA;0;NA;NA;NA;0;0;0
Solothurn;2005;100;30;23;25;17;NA;0;1;NA;0;0;4;NA;NA;NA;0;0;NA;NA;NA;NA;0;NA;NA;NA;0;0;0
Solothurn;2009;100;27;25;21;18;NA;0;1;NA;2;0;6;NA;NA;NA;0;0;NA;NA;NA;NA;0;NA;NA;NA;0;0;0
Solothurn;2013;100;26;22;19;19;NA;0;1;NA;4;2;7;NA;NA;NA;0;0;NA;NA;NA;NA;0;NA;NA;NA;0;0;0
Solothurn;2017;100;26;20;23;18;NA;0;1;NA;3;2;7;NA;NA;NA;0;0;NA;NA;NA;NA;0;NA;NA;NA;0;0;0
St. Gallen;1968;204;65;96;29;0;NA;14;0;NA;0;0;0;NA;NA;NA;NA;0;NA;0;0;NA;0;NA;NA;NA;0;0;0
St. Gallen;1972;180;52;92;21;0;NA;7;1;NA;0;0;0;NA;NA;NA;NA;0;NA;0;7;NA;0;NA;NA;NA;0;0;7
St. Gallen;1976;180;52;91;28;0;NA;7;1;NA;0;0;0;NA;NA;NA;NA;0;NA;0;1;NA;0;NA;NA;NA;0;0;1
St. Gallen;1980;180;53;94;27;0;NA;6;0;NA;0;0;0;NA;NA;NA;NA;0;NA;0;0;NA;0;NA;NA;NA;0;0;0
St. Gallen;1984;180;52;88;24;0;NA;13;2;NA;0;0;0;NA;NA;NA;NA;1;NA;0;0;NA;0;NA;NA;NA;0;1;0
St. Gallen;1988;180;50;81;24;0;NA;11;2;NA;0;0;0;NA;NA;NA;NA;3;NA;0;0;NA;7;NA;NA;NA;2;3;7
St. Gallen;1992;180;45;69;30;0;NA;9;2;NA;0;0;3;NA;NA;NA;NA;0;NA;1;0;NA;19;NA;NA;NA;2;0;20
St. Gallen;1996;180;44;66;34;14;NA;7;2;NA;0;0;3;NA;NA;NA;NA;0;NA;0;0;NA;10;NA;NA;NA;0;0;10
St. Gallen;2000;180;40;62;27;42;NA;3;2;NA;0;0;3;NA;NA;NA;NA;0;NA;0;0;NA;0;NA;NA;NA;1;0;0
St. Gallen;2004;180;32;55;35;45;NA;0;2;NA;0;0;10;NA;NA;NA;NA;0;NA;0;0;NA;0;NA;NA;NA;1;0;0
St. Gallen;2008;120;23;33;16;41;NA;0;2;NA;1;0;4;NA;NA;NA;NA;0;NA;0;0;NA;0;NA;NA;NA;0;0;0
St. Gallen;2012;120;22;29;20;35;NA;0;2;NA;5;2;5;NA;NA;NA;NA;0;NA;0;0;NA;0;NA;NA;NA;0;0;0
St. Gallen;2016;120;26;26;20;40;NA;0;0;NA;2;0;5;NA;NA;NA;NA;0;NA;0;0;NA;0;NA;NA;NA;1;0;0
Tessin;1971;90;35;31;12;3;NA;NA;NA;NA;NA;NA;0;NA;2;6;NA;NA;NA;NA;NA;NA;NA;0;NA;0;1;8;0
Tessin;1975;90;35;31;12;3;NA;NA;NA;NA;NA;NA;0;NA;3;6;NA;NA;NA;NA;NA;NA;NA;0;NA;0;0;9;0
Tessin;1979;90;35;30;12;3;NA;NA;NA;NA;NA;NA;0;NA;2;8;NA;NA;NA;NA;NA;NA;NA;0;NA;0;0;10;0
Tessin;1983;90;35;30;12;3;NA;NA;NA;NA;NA;NA;0;NA;2;8;NA;NA;NA;NA;NA;NA;NA;0;NA;0;0;10;0
Tessin;1987;90;33;28;11;2;NA;NA;NA;NA;NA;NA;2;NA;2;7;NA;NA;NA;NA;NA;NA;NA;0;NA;0;5;9;0
Tessin;1991;90;29;27;9;2;NA;NA;NA;NA;NA;NA;1;NA;0;9;NA;NA;NA;NA;NA;NA;NA;12;NA;0;1;9;12
Tessin;1995;90;30;25;15;1;NA;NA;NA;NA;NA;NA;1;NA;1;0;NA;NA;NA;NA;NA;NA;NA;16;NA;0;1;1;16
Tessin;1999;90;29;23;15;3;NA;NA;NA;NA;NA;NA;2;NA;0;0;NA;NA;NA;NA;NA;NA;NA;16;NA;2;0;0;18
Tessin;2003;90;30;24;16;6;NA;NA;NA;NA;NA;NA;2;NA;1;0;NA;NA;NA;NA;NA;NA;NA;11;NA;0;0;1;11
Tessin;2007;90;27;21;18;5;NA;NA;NA;NA;NA;NA;4;NA;0;0;NA;NA;NA;NA;NA;NA;NA;15;NA;0;0;0;15
Tessin;2011;90;23;19;14;5;NA;NA;NA;NA;NA;NA;7;NA;0;0;NA;NA;NA;NA;NA;NA;NA;21;NA;0;1;0;21
Tessin;2015;90;24;17;13;3;NA;NA;NA;NA;NA;NA;6;NA;0;0;NA;NA;NA;NA;NA;NA;NA;22;NA;0;5;0;22
Thurgau;1968;129;27;32;28;34;NA;0;8;NA;0;0;0;NA;NA;NA;NA;NA;NA;0;0;0;0;NA;NA;NA;NA;0;0
Thurgau;1972;130;27;34;22;34;NA;1;7;NA;0;0;0;NA;NA;NA;NA;NA;NA;1;4;0;0;NA;NA;NA;NA;0;5
Thurgau;1976;130;24;32;25;39;NA;1;7;NA;0;0;0;NA;NA;NA;NA;NA;NA;1;1;0;0;NA;NA;NA;NA;0;2
Thurgau;1980;130;26;31;27;37;NA;1;8;NA;0;0;0;NA;NA;NA;NA;NA;NA;0;0;0;0;NA;NA;NA;NA;0;0
Thurgau;1984;130;25;31;21;37;NA;2;7;NA;0;0;6;NA;NA;NA;NA;NA;NA;1;0;0;0;NA;NA;NA;NA;0;1
Thurgau;1988;130;23;27;20;33;NA;0;6;NA;0;0;11;NA;NA;NA;NA;NA;NA;0;0;0;10;NA;NA;NA;NA;0;10
Thurgau;1992;130;23;26;23;32;NA;0;6;NA;0;0;10;NA;NA;NA;NA;NA;NA;0;0;0;10;NA;NA;NA;NA;0;10
Thurgau;1996;130;25;25;20;38;NA;0;4;NA;0;0;11;NA;NA;NA;NA;NA;NA;0;0;0;7;NA;NA;NA;NA;0;7
Thurgau;2000;130;24;27;22;42;NA;0;5;NA;0;0;8;NA;NA;NA;NA;NA;NA;0;0;1;1;NA;NA;NA;NA;0;2
Thurgau;2004;130;20;22;23;47;NA;0;4;NA;0;0;13;NA;NA;NA;NA;NA;NA;0;0;1;0;NA;NA;NA;NA;0;1
Thurgau;2008;130;18;22;17;51;NA;0;6;NA;2;0;11;NA;NA;NA;NA;NA;NA;0;0;3;0;NA;NA;NA;NA;0;3
Thurgau;2012;130;18;21;19;41;NA;0;5;NA;6;5;9;NA;NA;NA;NA;NA;NA;0;0;6;0;NA;NA;NA;NA;0;6
Thurgau;2016;130;20;20;17;44;NA;0;5;NA;7;3;9;NA;NA;NA;NA;NA;NA;0;0;5;0;NA;NA;NA;NA;0;5
Uri;1968;61;16;41;4;0;NA;NA;NA;NA;NA;NA;0;NA;NA;NA;NA;0;NA;NA;NA;NA;NA;NA;NA;NA;0;0;0
Uri;1972;64;16;43;5;0;NA;NA;NA;NA;NA;NA;0;NA;NA;NA;NA;0;NA;NA;NA;NA;NA;NA;NA;NA;0;0;0
Uri;1976;64;18;41;5;0;NA;NA;NA;NA;NA;NA;0;NA;NA;NA;NA;0;NA;NA;NA;NA;NA;NA;NA;NA;0;0;0
Uri;1980;64;19;40;5;0;NA;NA;NA;NA;NA;NA;0;NA;NA;NA;NA;0;NA;NA;NA;NA;NA;NA;NA;NA;0;0;0
Uri;1984;64;17;41;6;0;NA;NA;NA;NA;NA;NA;0;NA;NA;NA;NA;0;NA;NA;NA;NA;NA;NA;NA;NA;0;0;0
Uri;1988;64;17;41;6;0;NA;NA;NA;NA;NA;NA;0;NA;NA;NA;NA;0;NA;NA;NA;NA;NA;NA;NA;NA;0;0;0
Uri;1992;64;17;36;7;0;NA;NA;NA;NA;NA;NA;0;NA;NA;NA;NA;3;NA;NA;NA;NA;NA;NA;NA;NA;1;3;0
Uri;1996;64;19;37;8;0;NA;NA;NA;NA;NA;NA;0;NA;NA;NA;NA;0;NA;NA;NA;NA;NA;NA;NA;NA;0;0;0
Uri;2000;64;21;29;9;4;NA;NA;NA;NA;NA;NA;1;NA;NA;NA;NA;0;NA;NA;NA;NA;NA;NA;NA;NA;0;0;0
Uri;2004;64;15;29;8;9;NA;NA;NA;NA;NA;NA;2;NA;NA;NA;NA;0;NA;NA;NA;NA;NA;NA;NA;NA;1;0;0
Uri;2008;64;11;24;7;18;NA;NA;NA;NA;NA;NA;3;NA;NA;NA;NA;0;NA;NA;NA;NA;NA;NA;NA;NA;1;0;0
Uri;2012;64;15;23;9;14;NA;NA;NA;NA;NA;NA;2;NA;NA;NA;NA;0;NA;NA;NA;NA;NA;NA;NA;NA;1;0;0
Uri;2016;64;18;22;8;15;NA;NA;NA;NA;NA;NA;1;NA;NA;NA;NA;0;NA;NA;NA;NA;NA;NA;NA;NA;0;0;0
Waadt;1970;197;74;7;53;15;32;NA;NA;NA;0;NA;0;NA;16;NA;NA;0;0;0;NA;0;NA;NA;NA;NA;0;16;0
Waadt;1974;200;70;8;53;14;34;NA;NA;NA;0;NA;0;NA;16;NA;NA;0;0;5;NA;0;NA;NA;NA;NA;0;16;5
Waadt;1978;200;67;7;60;14;37;NA;NA;NA;0;NA;4;NA;11;NA;NA;0;0;0;NA;0;NA;NA;NA;NA;0;11;0
Waadt;1982;200;68;5;53;15;47;NA;NA;NA;0;NA;6;NA;6;NA;NA;0;0;0;NA;0;NA;NA;NA;NA;0;6;0
Waadt;1986;200;70;5;52;13;45;NA;NA;NA;0;NA;5;NA;3;NA;NA;1;0;6;NA;0;NA;NA;NA;NA;0;4;6
Waadt;1990;200;71;4;52;15;42;NA;NA;NA;0;NA;12;NA;4;NA;NA;0;0;0;NA;0;NA;NA;NA;NA;0;4;0
Waadt;1994;200;68;2;55;17;41;NA;NA;NA;0;NA;10;NA;7;NA;NA;0;0;0;NA;0;NA;NA;NA;NA;0;7;0
Waadt;1998;180;54;3;46;14;35;NA;NA;NA;0;NA;16;NA;12;NA;NA;0;0;0;NA;0;NA;NA;NA;NA;0;12;0
Waadt;2002;180;44;2;46;22;31;NA;NA;NA;0;NA;21;NA;12;NA;NA;0;0;0;NA;0;NA;NA;NA;NA;2;12;0
Waadt;2007;150;29;3;39;26;22;NA;NA;NA;0;NA;24;NA;4;NA;NA;0;1;0;NA;1;NA;NA;NA;NA;1;5;1
Waadt;2012;150;38;4;41;27;9;NA;NA;NA;7;NA;19;NA;2;NA;NA;0;2;0;NA;0;NA;NA;NA;NA;1;4;0
Waadt;2017;150;49;2;37;25;0;NA;NA;NA;7;NA;21;NA;2;NA;NA;0;2;0;NA;0;NA;NA;NA;NA;5;4;0
Wallis;1969;130;26;84;13;0;0;NA;NA;0;NA;NA;0;NA;NA;NA;NA;NA;NA;NA;NA;NA;NA;NA;NA;NA;7;0;0
Wallis;1973;130;26;83;10;0;0;NA;NA;0;NA;NA;0;NA;NA;NA;NA;NA;NA;NA;NA;NA;NA;NA;NA;NA;11;0;0
Wallis;1977;130;25;83;15;0;0;NA;NA;0;NA;NA;0;NA;NA;NA;NA;NA;NA;NA;NA;NA;NA;NA;NA;NA;7;0;0
Wallis;1981;130;30;80;11;0;0;NA;NA;0;NA;NA;0;NA;NA;NA;NA;NA;NA;NA;NA;NA;NA;NA;NA;NA;9;0;0
Wallis;1985;130;32;80;12;0;3;NA;NA;0;NA;NA;0;NA;NA;NA;NA;NA;NA;NA;NA;NA;NA;NA;NA;NA;3;0;0
Wallis;1989;130;32;79;14;0;3;NA;NA;0;NA;NA;0;NA;NA;NA;NA;NA;NA;NA;NA;NA;NA;NA;NA;NA;2;0;0
Wallis;1993;130;34;75;16;0;5;NA;NA;0;NA;NA;0;NA;NA;NA;NA;NA;NA;NA;NA;NA;NA;NA;NA;NA;0;0;0
Wallis;1997;130;34;71;21;0;4;NA;NA;0;NA;NA;0;NA;NA;NA;NA;NA;NA;NA;NA;NA;NA;NA;NA;NA;0;0;0
Wallis;2001;130;32;75;18;2;3;NA;NA;0;NA;NA;0;NA;NA;NA;NA;NA;NA;NA;NA;NA;NA;NA;NA;NA;0;0;0
Wallis;2005;130;27;73;18;6;3;NA;NA;1;NA;NA;2;NA;NA;NA;NA;NA;NA;NA;NA;NA;NA;NA;NA;NA;0;0;0
Wallis;2009;130;28;68;17;12;0;NA;NA;3;NA;NA;2;NA;NA;NA;NA;NA;NA;NA;NA;NA;NA;NA;NA;NA;0;0;0
Wallis;2013;130;28;61;14;21;0;NA;NA;3;NA;NA;2;NA;NA;NA;NA;NA;NA;NA;NA;NA;NA;NA;NA;NA;1;0;0
Wallis;2017;130;26;55;13;23;0;NA;NA;4;NA;NA;8;NA;NA;NA;NA;NA;NA;NA;NA;NA;NA;NA;NA;NA;1;0;0
Zug;1970;78;25;41;8;0;NA;1;NA;NA;0;NA;0;NA;NA;NA;NA;0;NA;3;NA;NA;NA;NA;NA;NA;0;0;3
Zug;1974;80;24;44;7;0;NA;3;NA;NA;0;NA;0;NA;NA;NA;NA;0;NA;2;NA;NA;NA;NA;NA;NA;0;0;2
Zug;1978;80;23;43;10;0;NA;1;NA;NA;0;NA;0;NA;NA;NA;NA;0;NA;0;NA;NA;NA;NA;NA;NA;3;0;0
Zug;1982;80;29;40;10;0;NA;0;NA;NA;0;NA;0;NA;NA;NA;NA;0;NA;0;NA;NA;NA;NA;NA;NA;1;0;0
Zug;1986;80;29;38;10;0;NA;0;NA;NA;0;NA;0;NA;NA;NA;NA;2;NA;0;NA;NA;NA;NA;NA;NA;1;2;0
Zug;1990;80;25;36;12;0;NA;0;NA;NA;0;NA;0;NA;NA;NA;NA;4;NA;0;NA;NA;NA;NA;NA;NA;3;4;0
Zug;1994;80;28;33;9;3;NA;0;NA;NA;0;NA;0;NA;NA;NA;NA;3;NA;0;NA;NA;NA;NA;NA;NA;4;3;0
Zug;1998;80;27;27;9;9;NA;0;NA;NA;0;NA;0;NA;NA;NA;NA;3;NA;0;NA;NA;NA;NA;NA;NA;5;3;0
Zug;2002;80;20;25;9;18;NA;0;NA;NA;0;NA;0;NA;NA;NA;NA;5;NA;0;NA;NA;NA;NA;NA;NA;3;5;0
Zug;2006;80;20;23;8;17;NA;0;NA;NA;0;NA;0;NA;NA;NA;NA;10;NA;0;NA;NA;NA;NA;NA;NA;2;10;0
Zug;2010;80;20;23;8;19;NA;0;NA;NA;2;NA;7;NA;NA;NA;NA;0;NA;0;NA;NA;NA;NA;NA;NA;1;0;0
Zug;2014;80;18;22;7;19;NA;0;NA;NA;4;NA;9;NA;NA;NA;NA;0;NA;0;NA;NA;NA;NA;NA;NA;1;0;0
Zug;2018;80;17;21;9;18;NA;0;NA;NA;4;NA;10;NA;NA;NA;NA;0;NA;0;NA;NA;Na;NA;NA;NA;1;0;0
Zürich;1971;180;37;17;43;33;NA;26;11;NA;0;0;0;NA;NA;NA;0;0;NA;10;NA;0;0;NA;NA;NA;3;0;10
Zürich;1975;180;43;20;42;32;NA;20;13;NA;0;0;0;NA;NA;NA;2;0;NA;7;NA;0;0;NA;NA;NA;1;2;7
Zürich;1979;180;51;21;49;32;NA;14;12;NA;0;0;0;NA;NA;NA;1;0;NA;0;NA;0;0;NA;NA;NA;0;1;0
Zürich;1983;180;52;23;35;35;NA;12;14;NA;0;0;4;NA;NA;NA;3;0;NA;2;NA;0;0;NA;NA;NA;0;3;2
Zürich;1987;180;46;17;34;31;NA;10;11;NA;0;0;21;NA;NA;NA;0;3;NA;6;NA;0;0;NA;NA;NA;1;3;6
Zürich;1991;180;50;13;43;37;NA;2;7;NA;0;0;20;NA;NA;NA;0;2;NA;4;NA;0;2;NA;NA;NA;0;2;6
Zürich;1995;180;46;11;45;40;NA;6;9;NA;0;0;16;NA;NA;NA;0;1;NA;3;NA;0;3;NA;NA;NA;0;1;6
Zürich;1999;180;35;13;43;60;NA;2;9;NA;0;0;11;NA;NA;NA;0;1;NA;2;NA;1;0;NA;NA;NA;3;1;3
Zürich;2003;180;29;12;53;61;NA;0;9;NA;0;0;14;NA;NA;NA;0;0;NA;1;NA;1;0;NA;NA;NA;0;0;2
Zürich;2007;180;29;13;36;56;NA;0;10;NA;10;0;19;NA;NA;NA;0;2;NA;0;NA;5;0;NA;NA;NA;0;2;5
Zürich;2011;180;23;9;35;54;NA;0;7;NA;19;6;19;NA;NA;NA;0;3;NA;0;NA;5;0;NA;NA;NA;0;3;5
Zürich;2015;180;31;9;36;54;NA;0;8;NA;14;5;13;NA;NA;NA;0;5;NA;0;NA;5;0;NA;NA;NA;0;5;5
