 Kanton;  Wahljahr;FDP;  CVP;  SP;  SVP;  Dem.;LPS;  LdU;  EVP;  CSP;  DSP;  GLP;  BDP;  PdA;  PSA;  POCH;  GPS;FGA;  Sol.;  SD;  Rep.;  EDU;  FPS;  Lega;  MCR;  LS;  JB;  Front;  Grüt;Übrige;  Total
Aargau;1969;40  ;47  ;57  ;30  ;;;12  ;4  ;;;;;;;;;;;;;;;;;;;;;10  ;200  
Aargau;1973;41  ;54  ;46  ;30  ;;;9  ;8  ;;;;;;;;;;;4  ;6  ;;;;;;;;;2  ;200  
Aargau;1977;46  ;45  ;51  ;29  ;;;11  ;8  ;;;;;;;;;;;6  ;4  ;;;;;;;;;0  ;200  
Aargau;1981;48  ;50  ;51  ;34  ;;;7  ;10  ;;;;;;;;;;;0  ;0  ;;;;;;;;;0  ;200  
Aargau;1985;52  ;48  ;44  ;32  ;;;6  ;9  ;;;;;;;0  ;;5  ;;3  ;;;;;;;;;;1  ;200  
Aargau;1989;45  ;42  ;37  ;34  ;;;6  ;9  ;;;;;;;;11  ;;;3  ;;0  ;12  ;;;;;;;1  ;200  
Aargau;1993;41  ;37  ;44  ;36  ;;;5  ;8  ;;;;;;;;7  ;;;3  ;;0  ;19  ;;;;;;;0  ;200  
Aargau;1997;40  ;37  ;48  ;47  ;;;2  ;8  ;;;;;;;;6  ;;;7  ;;1  ;4  ;;;;;;;0  ;200  
Aargau;2001;40  ;32  ;36  ;72  ;;;;8  ;;;;;;;;7  ;;;4  ;;0  ;1  ;;;;;;;0  ;200  
Aargau;2005;24  ;26  ;30  ;46  ;;;;7  ;;;;;;;;7  ;0  ;;0  ;;0  ;0  ;;;;;;;0  ;140  
Aargau;2005;24  ;26  ;30  ;46  ;;;;7  ;;;;;;;;7  ;0  ;;0  ;;0  ;0  ;;;;;;;0  ;140  
Aargau;2009;20  ;21  ;22  ;45  ;;;;6  ;;;5  ;4  ;;;;13  ;;;2  ;;2  ;;;;;;;;0  ;140  
Aargau;2009;20  ;21  ;22  ;45  ;;;;6  ;;;5  ;4  ;;;;13  ;;;2  ;;2  ;;;;;;;;0  ;140  
Aargau;2009;20  ;21  ;22  ;45  ;;;;6  ;;;5  ;4  ;;;;13  ;;;2  ;;2  ;;;;;;;;0  ;140  
Aargau;2012;22  ;19  ;22  ;45  ;;;;6  ;;;8  ;6  ;;;;10  ;;;0  ;;2  ;;;;;;;;0  ;140  
Aargau;2012;22  ;19  ;22  ;45  ;;;;6  ;;;8  ;6  ;;;;10  ;;;0  ;;2  ;;;;;;;;0  ;140  
Aargau;2012;22  ;19  ;22  ;45  ;;;;6  ;;;8  ;6  ;;;;10  ;;;0  ;;2  ;;;;;;;;0  ;140  
Aargau;2012;22  ;19  ;22  ;45  ;;;;6  ;;;8  ;6  ;;;;10  ;;;0  ;;2  ;;;;;;;;0  ;140  
Aargau;2016;22  ;17  ;27  ;45  ;;;;6  ;;;7  ;4  ;;;;10  ;;;;;2  ;;;;;;;;0  ;140  
Appenzell A. Rh.;2003;31  ;2  ;5  ;11  ;;;;;;;;;;;;;;;;;;;;;;;;;16  ;65  
Appenzell A. Rh.;2007;26  ;3  ;4  ;8  ;;;;2  ;;;;;;;;;;;;;;;;;;;;;22  ;65  
Appenzell A. Rh.;2007;26  ;3  ;4  ;8  ;;;;2  ;;;;;;;;;;;;;;;;;;;;;22  ;65  
Appenzell A. Rh.;2007;26  ;3  ;4  ;8  ;;;;2  ;;;;;;;;;;;;;;;;;;;;;22  ;65  
Appenzell A. Rh.;2007;26  ;3  ;4  ;8  ;;;;2  ;;;;;;;;;;;;;;;;;;;;;22  ;65  
Appenzell A. Rh.;2011;24  ;3  ;5  ;10  ;;;;1  ;;;;;;;;;;;;;;;;;;;;;22  ;65  
Appenzell A. Rh.;2011;24  ;3  ;5  ;10  ;;;;1  ;;;;;;;;;;;;;;;;;;;;;22  ;65  
Appenzell A. Rh.;2011;24  ;3  ;5  ;10  ;;;;1  ;;;;;;;;;;;;;;;;;;;;;22  ;65  
Appenzell A. Rh.;2011;24  ;3  ;5  ;10  ;;;;1  ;;;;;;;;;;;;;;;;;;;;;22  ;65  
Appenzell A. Rh.;2015;23  ;4  ;7  ;12  ;;;;1  ;;;;;;;;;;;;;;;;;;;;;18  ;65  
Appenzell A. Rh.;2015;23  ;4  ;7  ;12  ;;;;1  ;;;;;;;;;;;;;;;;;;;;;18  ;65  
Basel-Landschaft;2015;17  ;8  ;21  ;28  ;;;;4  ;;;3  ;1  ;;;;8  ;;;;;;;;;;;;;;90  
Basel-Landschaft;2015;17  ;8  ;21  ;28  ;;;;4  ;;;3  ;1  ;;;;8  ;;;;;;;;;;;;;;90  
Basel-Landschaft ;1971;23  ;12  ;23  ;10  ;;;6  ;2  ;;;;;0  ;;;;;;3  ;;;;;;;;;;1  ;80  
Basel-Landschaft ;1975;24  ;12  ;24  ;8  ;;;5  ;2  ;;;;;0  ;;2  ;;;;3  ;;;;;;;;;;0  ;80  
Basel-Landschaft ;1979;25  ;12  ;27  ;8  ;;1  ;2  ;2  ;;;;;0  ;;3  ;;;;0  ;;;;;;;;;;;80  
Basel-Landschaft ;1983;24  ;13  ;23  ;9  ;;3  ;3  ;4  ;;;;;0  ;;4  ;;;;1  ;;;;;;;;;;;84  
Basel-Landschaft ;1987;23  ;12  ;21  ;9  ;;;1  ;4  ;;0  ;;;;;;10  ;;;4  ;;;;;;;;;;;84  
Basel-Landschaft ;1991;24  ;13  ;21  ;9  ;;;0  ;4  ;;;;;;;;8  ;;;5  ;;;0  ;;;;;;;;84  
Basel-Landschaft ;1995;25  ;13  ;24  ;11  ;;;0  ;4  ;;;;;;;;6  ;0  ;;7  ;;;0  ;;;;;;;;90  
Basel-Landschaft ;1999;22  ;12  ;25  ;14  ;;;;3  ;;;;;;;;5  ;;;9  ;;;;;;;;;;;90  
Basel-Landschaft ;2003;19  ;11  ;25  ;20  ;;;;3  ;;;;;;;;8  ;;;4  ;;;;;;;;;;;90  
Basel-Landschaft ;2007;20  ;11  ;22  ;21  ;;;;4  ;;;;;;;;11  ;;;1  ;;0  ;;;;;;;;;90  
Basel-Landschaft ;2007;20  ;11  ;22  ;21  ;;;;4  ;;;;;;;;11  ;;;1  ;;0  ;;;;;;;;;90  
Basel-Landschaft ;2007;20  ;11  ;22  ;21  ;;;;4  ;;;;;;;;11  ;;;1  ;;0  ;;;;;;;;;90  
Basel-Landschaft ;2007;20  ;11  ;22  ;21  ;;;;4  ;;;;;;;;11  ;;;1  ;;0  ;;;;;;;;;90  
Basel-Landschaft ;2011;14  ;8  ;21  ;24  ;;;;4  ;;;3  ;4  ;;;;12  ;;;0  ;;;;;;;;;;;90  
Basel-Landschaft ;2011;14  ;8  ;21  ;24  ;;;;4  ;;;3  ;4  ;;;;12  ;;;0  ;;;;;;;;;;;90  
Basel-Landschaft ;2011;14  ;8  ;21  ;24  ;;;;4  ;;;3  ;4  ;;;;12  ;;;0  ;;;;;;;;;;;90  
Basel-Landschaft ;2011;14  ;8  ;21  ;24  ;;;;4  ;;;3  ;4  ;;;;12  ;;;0  ;;;;;;;;;;;90  
Basel-Stadt;1968;20  ;20  ;36  ;;;19  ;19  ;5  ;;;;;8  ;;;;;;2  ;;;;;;;;;;1  ;130  
Basel-Stadt;1972;14  ;17  ;36  ;1  ;;19  ;12  ;6  ;;;;;9  ;;5  ;;;;10  ;;;;;;;;;;1  ;130  
Basel-Stadt;1976;18  ;16  ;39  ;;;19  ;8  ;6  ;;;;;8  ;;7  ;;;;9  ;;;;;;;;;;0  ;130  
Basel-Stadt;1980;22  ;18  ;37  ;;;18  ;5  ;7  ;;;;;6  ;;13  ;;;;4  ;;;;;;;;;;0  ;130  
Basel-Stadt;1984;21  ;15  ;28  ;;;15  ;5  ;10  ;;11  ;;;3  ;;15  ;0  ;0  ;;7  ;;;;;;;;;;0  ;130  
Basel-Stadt;1988;19  ;15  ;27  ;;;15  ;8  ;7  ;;9  ;;;2  ;;12  ;2  ;3  ;;10  ;;0  ;;;;;;;;1  ;130  
Basel-Stadt;1992;21  ;15  ;32  ;0  ;;17  ;3  ;6  ;;10  ;;;1  ;;6  ;3  ;5  ;;8  ;;0  ;3  ;;;;;;;0  ;130  
Basel-Stadt;1996;17  ;13  ;39  ;1  ;;14  ;;6  ;;10  ;;;;;;13  ;7  ;;8  ;;0  ;2  ;;;;;;;0  ;130  
Basel-Stadt;2000;18  ;14  ;39  ;14  ;;16  ;;6  ;;6  ;;;0  ;;;7  ;5  ;;5  ;;;;;;;;;;0  ;130  
Basel-Stadt;2004;17  ;11  ;46  ;15  ;;12  ;;6  ;;6  ;;;;;;16  ;;;0  ;;0  ;;;;;;;;1  ;130  
Basel-Stadt;2008;11  ;8  ;32  ;14  ;;9  ;;4  ;;3  ;5  ;;;;;13  ;;;;;;;;;;;;;1  ;100  
Basel-Stadt;2008;11  ;8  ;32  ;14  ;;9  ;;4  ;;3  ;5  ;;;;;13  ;;;;;;;;;;;;;1  ;100  
Basel-Stadt;2008;11  ;8  ;32  ;14  ;;9  ;;4  ;;3  ;5  ;;;;;13  ;;;;;;;;;;;;;1  ;100  
Basel-Stadt;2008;11  ;8  ;32  ;14  ;;9  ;;4  ;;3  ;5  ;;;;;13  ;;;;;;;;;;;;;1  ;100  
Basel-Stadt;2012;12  ;8  ;33  ;15  ;;10  ;;1  ;;;5  ;0  ;;;;13  ;;;;;0  ;;;;;;;;3  ;100  
Basel-Stadt;2012;12  ;8  ;33  ;15  ;;10  ;;1  ;;;5  ;0  ;;;;13  ;;;;;0  ;;;;;;;;3  ;100  
Basel-Stadt;2012;12  ;8  ;33  ;15  ;;10  ;;1  ;;;5  ;0  ;;;;13  ;;;;;0  ;;;;;;;;3  ;100  
Basel-Stadt;2012;12  ;8  ;33  ;15  ;;10  ;;1  ;;;5  ;0  ;;;;13  ;;;;;0  ;;;;;;;;3  ;100  
Basel-Stadt;2016;10  ;7  ;34  ;15  ;;14  ;;1  ;;;4  ;;;;;14  ;;;;;0  ;;;;;;;;1  ;100  
Bern;1970;37  ;10  ;63  ;79  ;;;5  ;2  ;;;;;0  ;;;;;;;;;;;;;;;;4  ;200  
Bern;1974;37  ;10  ;59  ;79  ;;;2  ;3  ;2  ;;;;0  ;;1  ;;;;5  ;0  ;;;;;;;;;2  ;200  
Bern;1978;40  ;10  ;57  ;75  ;;;3  ;4  ;2  ;;;;0  ;0  ;1  ;;1  ;;1  ;;1  ;;;;;;;;5  ;200  
Bern;1982;42  ;6  ;52  ;78  ;;;2  ;7  ;;;;;;1  ;1  ;;3  ;;4  ;;1  ;;;;;;;;3  ;200  
Bern;1986;40  ;6  ;49  ;69  ;;;4  ;6  ;;;;;0  ;1  ;2  ;14  ;;;5  ;;1  ;;;;;;;;3  ;200  
Bern;1990;35  ;3  ;57  ;71  ;;;3  ;4  ;;;;;;2  ;;14  ;3  ;;3  ;;2  ;1  ;;;;;;;2  ;200  
Bern;1994;35  ;2  ;54  ;71  ;;;2  ;7  ;;;;;;2  ;;10  ;5  ;;2  ;;3  ;6  ;;;;;;;1  ;200  
Bern;1998;38  ;2  ;58  ;66  ;;;0  ;8  ;;;;;;2  ;;9  ;5  ;;3  ;;4  ;4  ;;;;;;;1  ;200  
Bern;2002;36  ;2  ;58  ;67  ;;;;11  ;;;;;;2  ;;15  ;;;3  ;;4  ;0  ;;;;;;;2  ;200  
Bern;2006;26  ;1  ;42  ;47  ;;;;13  ;;;;;0  ;3  ;;19  ;;;1  ;;6  ;1  ;;;;;;;1  ;160  
Bern;2006;26  ;1  ;42  ;47  ;;;;13  ;;;;;0  ;3  ;;19  ;;;1  ;;6  ;1  ;;;;;;;1  ;160  
Bern;2006;26  ;1  ;42  ;47  ;;;;13  ;;;;;0  ;3  ;;19  ;;;1  ;;6  ;1  ;;;;;;;1  ;160  
Bern;2010;17  ;1  ;35  ;44  ;;;;10  ;;;4  ;25  ;;3  ;;16  ;;;0  ;;5  ;;;;;;;;0  ;160  
Bern;2010;17  ;1  ;35  ;44  ;;;;10  ;;;4  ;25  ;;3  ;;16  ;;;0  ;;5  ;;;;;;;;0  ;160  
Bern;2010;17  ;1  ;35  ;44  ;;;;10  ;;;4  ;25  ;;3  ;;16  ;;;0  ;;5  ;;;;;;;;0  ;160  
Bern;2010;17  ;1  ;35  ;44  ;;;;10  ;;;4  ;25  ;;3  ;;16  ;;;0  ;;5  ;;;;;;;;0  ;160  
Bern;2014;17  ;0  ;33  ;49  ;;;;12  ;;;11  ;14  ;0  ;3  ;;16  ;0  ;;0  ;;5  ;;;;;;;;0  ;160  
Bern;2014;17  ;0  ;33  ;49  ;;;;12  ;;;11  ;14  ;0  ;3  ;;16  ;0  ;;0  ;;5  ;;;;;;;;0  ;160  
Bern;2014;17  ;0  ;33  ;49  ;;;;12  ;;;11  ;14  ;0  ;3  ;;16  ;0  ;;0  ;;5  ;;;;;;;;0  ;160  
Freiburg;1971;30  ;57  ;29  ;9  ;;;;;5  ;;;;;;;;;;;;;;;;;;;;;130  
Freiburg;1971;30  ;57  ;29  ;9  ;;;;;5  ;;;;;;;;;;;;;;;;;;;;;130  
Freiburg;1976;31  ;57  ;29  ;9  ;;;;;4  ;;;;;;;;;;;;;;;;;;;;;130  
Freiburg;1981;29  ;47  ;33  ;9  ;;;;;12  ;;;;;;;;;;;;;;;;;;;;;130  
Freiburg;1986;27  ;50  ;32  ;10  ;;;;;11  ;;;;;;;;0  ;;;;;;;;;;;;;130  
Freiburg;1991;24  ;46  ;29  ;10  ;;;;;9  ;7  ;;;;;;;4  ;;;;;;;;;;;;1  ;130  
Freiburg;1991;24  ;46  ;29  ;10  ;;;;;9  ;7  ;;;;;;;4  ;;;;;;;;;;;;1  ;130  
Freiburg;1996;25  ;45  ;32  ;8  ;;;;0  ;10  ;5  ;;;;;;2  ;;;;;;;;;;;;;3  ;130  
Freiburg;2001;26  ;45  ;26  ;16  ;;;;0  ;10  ;4  ;;;;;;1  ;;;;;;;;;;;;;2  ;130  
Freiburg;2006;19  ;37  ;25  ;18  ;;;;1  ;4  ;;;;;;;3  ;;;;;0  ;;;;;;;;3  ;110  
Freiburg;2006;19  ;37  ;25  ;18  ;;;;1  ;4  ;;;;;;;3  ;;;;;0  ;;;;;;;;3  ;110  
Freiburg;2006;19  ;37  ;25  ;18  ;;;;1  ;4  ;;;;;;;3  ;;;;;0  ;;;;;;;;3  ;110  
Freiburg;2006;19  ;37  ;25  ;18  ;;;;1  ;4  ;;;;;;;3  ;;;;;0  ;;;;;;;;3  ;110  
Freiburg;2011;17  ;31  ;29  ;21  ;;;;0  ;4  ;;2  ;2  ;;;;3  ;;;;;;;;;;;;;1  ;110  
Freiburg;2011;17  ;31  ;29  ;21  ;;;;0  ;4  ;;2  ;2  ;;;;3  ;;;;;;;;;;;;;1  ;110  
Freiburg;2011;17  ;31  ;29  ;21  ;;;;0  ;4  ;;2  ;2  ;;;;3  ;;;;;;;;;;;;;1  ;110  
Freiburg;2011;17  ;31  ;29  ;21  ;;;;0  ;4  ;;2  ;2  ;;;;3  ;;;;;;;;;;;;;1  ;110  
Freiburg;2011;17  ;31  ;29  ;21  ;;;;0  ;4  ;;2  ;2  ;;;;3  ;;;;;;;;;;;;;1  ;110  
Freiburg;2016;21  ;27  ;28  ;21  ;;;;;4  ;;1  ;0  ;;;;6  ;;;;;;;;;;;;;2  ;110  
Genf;1969;23  ;20  ;21  ;;;18  ;0  ;;;;;;18  ;;;;;;;;;;;;;;;;;100  
Genf;1973;22  ;17  ;18  ;;;16  ;0  ;;;;;;17  ;;;;;;;10  ;;;;;;;;;0  ;100  
Genf;1977;17  ;15  ;24  ;;;20  ;;;;;;;16  ;;;;;;;8  ;;;;;;;;;0  ;100  
Genf;1981;19  ;13  ;26  ;;;25  ;;;;;;;10  ;;;;;;;7  ;;;;;;;;;0  ;100  
Genf;1985;15  ;13  ;18  ;;;19  ;;;;;;;8  ;;;8  ;;;;19  ;;;;;;;;;0  ;100  
Genf;1989;13  ;14  ;21  ;0  ;;22  ;;;;;;;8  ;;;13  ;;;;9  ;;0  ;;;;;;;;100  
Genf;1993;15  ;14  ;15  ;0  ;;27  ;;;;;;;21  ;;;8  ;;;;;;;;;;;;;0  ;100  
Genf;1997;14  ;12  ;22  ;;;23  ;;;;;;;19  ;;;10  ;;;0  ;;;;;;;;;;0  ;100  
Genf;2001;12  ;12  ;19  ;10  ;;23  ;;;;;;;13  ;;;11  ;;;;;;;;;;;;;0  ;100  
Genf;2005;12  ;12  ;17  ;11  ;;23  ;;;;;;;0  ;;;16  ;;0  ;;;;;;9  ;;;;;0  ;100  
Genf;2005;12  ;12  ;17  ;11  ;;23  ;;;;;;;0  ;;;16  ;;0  ;;;;;;9  ;;;;;0  ;100  
Genf;2009;11  ;11  ;15  ;9  ;;20  ;;;;;;;;;;17  ;;;;;;;;17  ;;;;;0  ;100  
Genf;2009;11  ;11  ;15  ;9  ;;20  ;;;;;;;;;;17  ;;;;;;;;17  ;;;;;0  ;100  
Genf;2009;11  ;11  ;15  ;9  ;;20  ;;;;;;;;;;17  ;;;;;;;;17  ;;;;;0  ;100  
Genf;2009;11  ;11  ;15  ;9  ;;20  ;;;;;;;;;;17  ;;;;;;;;17  ;;;;;0  ;100  
Genf;2013;24  ;11  ;15  ;11  ;;;;;;;0  ;0  ;1  ;;;10  ;;5  ;;;;;;20  ;;;;;3  ;100  
Genf;2013;24  ;11  ;15  ;11  ;;;;;;;0  ;0  ;1  ;;;10  ;;5  ;;;;;;20  ;;;;;3  ;100  
Genf;2013;24  ;11  ;15  ;11  ;;;;;;;0  ;0  ;1  ;;;10  ;;5  ;;;;;;20  ;;;;;3  ;100  
Genf;2013;24  ;11  ;15  ;11  ;;;;;;;0  ;0  ;1  ;;;10  ;;5  ;;;;;;20  ;;;;;3  ;100  
Glarus;1971;27  ;14  ;12  ;22  ;;;;;;;;;;;;;;;;;;;;;;;;;2  ;77  
Glarus;1974;25  ;16  ;15  ;19  ;;;;;;;;;;;;;;;;;;;;;;;;;2  ;77  
Glarus;1978;25  ;17  ;15  ;20  ;;;;;;;;;;;;;;;;;;;;;;;;;0  ;77  
Glarus;1982;27  ;17  ;14  ;22  ;;;;;;;;;;;;;;;;;;;;;;;;;0  ;80  
Glarus;1986;24  ;17  ;13  ;24  ;;;;;;;;;;;;;;;;;;;;;;;;;2  ;80  
Glarus;1990;23  ;15  ;15  ;22  ;;;;;;;;;;;;3  ;;;;;;;;;;;;;2  ;80  
Glarus;1994;26  ;15  ;14  ;21  ;;;;;;;;;;;;3  ;;;;;0  ;;;;;;;;1  ;80  
Glarus;1998;24  ;13  ;15  ;21  ;;;;;;;;;;;;5  ;;;;;0  ;;;;;;;;2  ;80  
Glarus;2002;26  ;13  ;12  ;21  ;;;;;;;;;;;;6  ;;;;;0  ;;;;;;;;2  ;80  
Glarus;2006;23  ;12  ;12  ;26  ;;;;;;;;;;;;6  ;;;;;0  ;;;;;;;;1  ;80  
Glarus;2006;23  ;12  ;12  ;26  ;;;;;;;;;;;;6  ;;;;;0  ;;;;;;;;1  ;80  
Glarus;2006;23  ;12  ;12  ;26  ;;;;;;;;;;;;6  ;;;;;0  ;;;;;;;;1  ;80  
Glarus;2010;12  ;6  ;8  ;17  ;;;;;;;;10  ;;;;7  ;;;;;0  ;;;;;;;;;60  
Glarus;2010;12  ;6  ;8  ;17  ;;;;;;;;10  ;;;;7  ;;;;;0  ;;;;;;;;;60  
Glarus;2010;12  ;6  ;8  ;17  ;;;;;;;;10  ;;;;7  ;;;;;0  ;;;;;;;;;60  
Glarus;2010;13  ;6  ;8  ;16  ;;;;;;;;10  ;;;;7  ;;;;;0  ;;;;;;;;;60  
Glarus;2014;12  ;6  ;7  ;17  ;;;;;;;2  ;9  ;;;;7  ;;;;;;;;;;;;;0  ;60  
Glarus;2014;12  ;6  ;7  ;17  ;;;;;;;2  ;9  ;;;;7  ;;;;;;;;;;;;;0  ;60  
Glarus;2014;12  ;6  ;7  ;17  ;;;;;;;2  ;9  ;;;;7  ;;;;;;;;;;;;;0  ;60  
Graubünden;1969;32  ;36  ;8  ;37  ;;;;;;;;;;;;;;;;;;;;;;;;;;113  
Graubünden;1971;29  ;38  ;8  ;38  ;;;;;;;;;;;;;;;;;;;;;;;;;;113  
Graubünden;1973;31  ;43  ;8  ;38  ;;;1  ;;;;;;;;;;;;;;;;;;;;;;;120  
Graubünden;1975;31  ;39  ;7  ;42  ;;;1  ;;;;;;;;;;;;;;;;;;;;;;;120  
Graubünden;1977;27  ;41  ;8  ;43  ;;;1  ;;;;;;;;;;;;;;;;;;;;;;1  ;120  
Graubünden;1979;28  ;39  ;9  ;42  ;;;1  ;;;;;;;;;;;;;;;;;;;;;;1  ;120  
Graubünden;1981;28  ;39  ;10  ;40  ;;;1  ;;;;;;;;;;;;;;;;;;;;;;2  ;120  
Graubünden;1983;28  ;36  ;9  ;42  ;;;1  ;;;;;;;;;;;;;;;;;;;;;;4  ;120  
Graubünden;1985;28  ;40  ;5  ;42  ;;;1  ;;;;;;;;;;;;;;;;;;;;;;4  ;120  
Graubünden;1987;30  ;38  ;10  ;40  ;;;;;;;;;;;;;;;;;;;;;;;;;2  ;120  
Graubünden;1989;27  ;38  ;6  ;41  ;;;;;3  ;4  ;;;;;;;1  ;;;;;;;;;;;;1  ;120  
Graubünden;1991;24  ;39  ;8  ;42  ;;;;;3  ;2  ;;;;;;;1  ;;;;;;;;;;;;1  ;120  
Graubünden;1994;26  ;38  ;7  ;41  ;;;;;3  ;2  ;;;;;;;;;;;;;;;;;;;3  ;120  
Graubünden;1997;27  ;38  ;10  ;40  ;;;;;3  ;1  ;;;;;;;;;;;;;;;;;;;1  ;120  
Graubünden;2000;34  ;37  ;13  ;33  ;;;;;;1  ;;;;;;;;;;;;;;;;;;;2  ;120  
Graubünden;2003;29  ;40  ;13  ;33  ;;;;;;1  ;;;;;;;;;;;;;;;;;;;4  ;120  
Graubünden;2006;33  ;35  ;14  ;32  ;;;;;;1  ;;;;;;;;;;;;;;;;;;;5  ;120  
Graubünden;2006;33  ;35  ;14  ;32  ;;;;;;1  ;;;;;;;;;;;;;;;;;;;5  ;120  
Graubünden;2006;33  ;35  ;14  ;32  ;;;;;;1  ;;;;;;;;;;;;;;;;;;;5  ;120  
Graubünden;2010;38  ;33  ;12  ;4  ;;;;;;;2  ;26  ;;;;;;;;;;;;;;;;;5  ;120  
Graubünden;2010;38  ;33  ;12  ;4  ;;;;;;;2  ;26  ;;;;;;;;;;;;;;;;;5  ;120  
Graubünden;2010;38  ;33  ;12  ;4  ;;;;;;;2  ;26  ;;;;;;;;;;;;;;;;;5  ;120  
Graubünden;2010;38  ;33  ;12  ;4  ;;;;;;;2  ;26  ;;;;;;;;;;;;;;;;;5  ;120  
Graubünden;2014;33  ;31  ;15  ;9  ;;;;;;;2  ;28  ;;;;;;;;;;;;;;;;;2  ;120  
Graubünden;2014;33  ;31  ;15  ;9  ;;;;;;;2  ;28  ;;;;;;;;;;;;;;;;;2  ;120  
Graubünden;2014;33  ;31  ;15  ;9  ;;;;;;;2  ;28  ;;;;;;;;;;;;;;;;;2  ;120  
Jura;1978;14  ;21  ;11  ;1  ;;;;;8  ;;;;2  ;;;;;;;;;;;;;;;;3  ;60  
Jura;1982;16  ;20  ;11  ;1  ;;;;;8  ;;;;1  ;;;;1  ;;;;;;;;;;;;2  ;60  
Jura;1986;16  ;22  ;11  ;1  ;;;;;8  ;;;;1  ;;;;1  ;;;;;;;;;;;;;60  
Jura;1990;15  ;21  ;12  ;1  ;;;;;8  ;;;;0  ;;;;3  ;;;;;;;;;;;;0  ;60  
Jura;1994;15  ;22  ;12  ;1  ;;;;;8  ;;;;;;;0  ;2  ;;;;;;;;;;;;;60  
Jura;1998;14  ;19  ;15  ;1  ;;;;;8  ;;;;1  ;;;;2  ;;;;;;;;;;;;0  ;60  
Jura;2002;12  ;20  ;15  ;2  ;;;;;8  ;;;;1  ;;;;2  ;;;;;;;;;;;;0  ;60  
Jura;2006;11  ;19  ;13  ;3  ;;;;;9  ;;;;2  ;;;2  ;1  ;;;;0  ;;;;;;;;0  ;60  
Jura;2006;11  ;19  ;13  ;3  ;;;;;9  ;;;;2  ;;;2  ;1  ;;;;0  ;;;;;;;;0  ;60  
Jura;2006;11  ;19  ;13  ;3  ;;;;;9  ;;;;2  ;;;2  ;1  ;;;;0  ;;;;;;;;0  ;60  
Jura;2010;8  ;19  ;14  ;4  ;;;;;8  ;;;;1  ;;;4  ;2  ;;;;;;;;;;;;0  ;60  
Jura;2010;8  ;19  ;14  ;4  ;;;;;8  ;;;;1  ;;;4  ;2  ;;;;;;;;;;;;0  ;60  
Jura;2010;8  ;19  ;14  ;4  ;;;;;8  ;;;;1  ;;;4  ;2  ;;;;;;;;;;;;0  ;60  
Jura;2010;8  ;19  ;14  ;4  ;;;;;8  ;;;;1  ;;;4  ;2  ;;;;;;;;;;;;0  ;60  
Jura;2010;8  ;19  ;14  ;4  ;;;;;8  ;;;;1  ;;;4  ;2  ;;;;;;;;;;;;0  ;60  
Jura;2015;9  ;17  ;12  ;8  ;;;;;8  ;;;;2  ;;;4  ;;;;;;;;;;;;;0  ;60  
Jura;2015;9  ;17  ;12  ;8  ;;;;;8  ;;;;2  ;;;4  ;;;;;;;;;;;;;0  ;60  
Luzern;1971;55  ;85  ;11  ;0  ;;;12  ;;3  ;;;;;;;;;;4  ;;;;;;;;;;0  ;170  
Luzern;1975;56  ;88  ;13  ;;;;8  ;;2  ;;;;;;1  ;;;;2  ;0  ;;;;;;;;;;170  
Luzern;1979;58  ;88  ;13  ;;;;3  ;;3  ;;;;;;5  ;;;;0  ;;;;;;;;;;0  ;170  
Luzern;1983;56  ;87  ;12  ;;;;2  ;;2  ;;;;;;10  ;;1  ;;;;;;;;;;;;;170  
Luzern;1987;56  ;85  ;11  ;;;;0  ;;1  ;;;;;;;;17  ;;0  ;;;;;;;;;;0  ;170  
Luzern;1991;57  ;82  ;16  ;;;;0  ;;1  ;;;;;;;13  ;1  ;;0  ;;;;;;;;;;;170  
Luzern;1995;51  ;77  ;18  ;11  ;;;;;1  ;;;;;;;11  ;1  ;;0  ;;;0  ;;;;;;;;170  
Luzern;1999;31  ;48  ;12  ;22  ;;;;;0  ;;;;;;;7  ;;;0  ;;;0  ;;;;;;;;120  
Luzern;2003;28  ;44  ;16  ;26  ;;;;0  ;0  ;;;;;;;6  ;;;;;;;;;;;;;0  ;120  
Luzern;2007;29  ;46  ;13  ;23  ;;;;0  ;;;;;;;;9  ;;;;;;;;;;;;;0  ;120  
Luzern;2007;29  ;46  ;13  ;23  ;;;;0  ;;;;;;;;9  ;;;;;;;;;;;;;0  ;120  
Luzern;2007;29  ;46  ;13  ;23  ;;;;0  ;;;;;;;;9  ;;;;;;;;;;;;;0  ;120  
Luzern;2007;29  ;46  ;13  ;23  ;;;;0  ;;;;;;;;9  ;;;;;;;;;;;;;0  ;120  
Luzern;2011;23  ;39  ;16  ;27  ;;;;;;;6  ;0  ;;;;9  ;;;;;;;;;;;;;0  ;120  
Luzern;2011;23  ;39  ;16  ;27  ;;;;;;;6  ;0  ;;;;9  ;;;;;;;;;;;;;0  ;120  
Luzern;2011;23  ;39  ;16  ;27  ;;;;;;;6  ;0  ;;;;9  ;;;;;;;;;;;;;0  ;120  
Luzern;2011;23  ;39  ;16  ;27  ;;;;;;;6  ;0  ;;;;9  ;;;;;;;;;;;;;0  ;120  
Luzern;2015;25  ;38  ;16  ;29  ;;;;0  ;;;5  ;0  ;;;;7  ;;;;;;;;;;;;;0  ;120  
Luzern;2015;25  ;38  ;16  ;29  ;;;;0  ;;;5  ;0  ;;;;7  ;;;;;;;;;;;;;0  ;120  
Neuenburg;1969;35  ;1  ;38  ;;;22  ;0  ;;;;;;8  ;;;;;;;;;;;;;;;;11  ;115  
Neuenburg;1973;35  ;;41  ;;;26  ;;;;;;;6  ;;;;;;;;;;;;;;;;7  ;115  
Neuenburg;1977;30  ;;41  ;;;27  ;4  ;;;;;;6  ;;;;;;;;;;;;;;;;7  ;115  
Neuenburg;1981;29  ;;46  ;;;33  ;3  ;;;;;;4  ;;;;;;;;;;;;;;;;0  ;115  
Neuenburg;1985;31  ;;42  ;;;38  ;0  ;;;;;;4  ;;;0  ;;;;;;;;;;;;;0  ;115  
Neuenburg;1989;25  ;;45  ;;;34  ;0  ;;;;;;4  ;;;6  ;;;;;;;;;;;;;1  ;115  
Neuenburg;1993;29  ;;39  ;;;38  ;;;;;;;4  ;;;5  ;;;;;0  ;;;;;;;;;115  
Neuenburg;1997;24  ;0  ;41  ;;;38  ;;;;;;;6  ;;;5  ;;1  ;;;;;;;;;;;0  ;115  
Neuenburg;2001;25  ;;39  ;;;35  ;;;;;;;7  ;;;7  ;;2  ;;;0  ;;;;;;;;;115  
Neuenburg;2005;15  ;0  ;41  ;17  ;;25  ;;;;;;;6  ;;;10  ;;1  ;;;;;;;;;;;;115  
Neuenburg;2005;15  ;0  ;41  ;17  ;;25  ;;;;;;;6  ;;;10  ;;1  ;;;;;;;;;;;;115  
Neuenburg;2009;41  ;0  ;36  ;14  ;;;;0  ;;;;;8  ;;;14  ;;2  ;;;;;;;;;;;0  ;115  
Neuenburg;2009;41  ;0  ;36  ;14  ;;;;0  ;;;;;8  ;;;14  ;;2  ;;;;;;;;;;;0  ;115  
Neuenburg;2009;41  ;0  ;36  ;14  ;;;;0  ;;;;;8  ;;;14  ;;2  ;;;;;;;;;;;0  ;115  
Neuenburg;2009;41  ;0  ;36  ;14  ;;;;0  ;;;;;8  ;;;14  ;;2  ;;;;;;;;;;;0  ;115  
Neuenburg ;2013;35  ;1  ;33  ;20  ;;;;;;;5  ;0  ;8  ;;;12  ;;1  ;;;;;;;;;;;0  ;115  
Neuenburg ;2013;35  ;1  ;33  ;20  ;;;;;;;5  ;0  ;8  ;;;12  ;;1  ;;;;;;;;;;;0  ;115  
Neuenburg ;2013;35  ;1  ;33  ;20  ;;;;;;;5  ;0  ;8  ;;;12  ;;1  ;;;;;;;;;;;0  ;115  
Neuenburg ;2013;35  ;1  ;33  ;20  ;;;;;;;5  ;0  ;8  ;;;12  ;;1  ;;;;;;;;;;;0  ;115  
Nidwalden;1970;18  ;41  ;1  ;;;;;;;;;;;;;;;;;;;;;;;;;;;60  
Nidwalden;1974;18  ;42  ;;;;;;;;;;;;;;;;;;;;;;;;;;;;60  
Nidwalden;1978;18  ;42  ;;;;;;;;;;;;;;;;;;;;;;;;;;;;60  
Nidwalden;1982;22  ;35  ;1  ;;;;;;;;;;;;;;;;;;;;;;;;;;2  ;60  
Nidwalden;1986;25  ;32  ;0  ;;;;;;;;;;;;;;;;;;;;;;;;;;3  ;60  
Nidwalden;1990;22  ;30  ;;;;;;;;;;;;;;;;;;;;;;;;;;;8  ;60  
Nidwalden;1994;21  ;33  ;;;;;;;;;;;;;;;;;;;;;;;;;;;6  ;60  
Nidwalden;1998;21  ;30  ;1  ;;;;;;;;;;;;;;;;;;;;;;;;;;8  ;60  
Nidwalden;2002;19  ;24  ;2  ;7  ;;;;;;;;;;;;7  ;;;;;;;;;;;;;1  ;60  
Nidwalden;2006;18  ;23  ;1  ;10  ;;;;;;;;;;;;7  ;;;;;;;;;;;;;1  ;60  
Nidwalden;2006;18  ;23  ;1  ;10  ;;;;;;;;;;;;7  ;;;;;;;;;;;;;1  ;60  
Nidwalden;2006;18  ;23  ;1  ;10  ;;;;;;;;;;;;7  ;;;;;;;;;;;;;1  ;60  
Nidwalden;2010;17  ;18  ;1  ;19  ;;;;;;;;;;;;5  ;;;;;;;;;;;;;0  ;60  
Nidwalden;2010;17  ;18  ;1  ;19  ;;;;;;;;;;;;5  ;;;;;;;;;;;;;0  ;60  
Nidwalden;2010;17  ;18  ;1  ;19  ;;;;;;;;;;;;5  ;;;;;;;;;;;;;0  ;60  
Nidwalden;2010;17  ;18  ;1  ;19  ;;;;;;;;;;;;5  ;;;;;;;;;;;;;0  ;60  
Nidwalden;2014;15  ;17  ;3  ;17  ;;;;;;;;;;;;8  ;;;;;;;;;;;;;;60  
Nidwalden;2014;15  ;17  ;3  ;17  ;;;;;;;;;;;;8  ;;;;;;;;;;;;;;60  
Nidwalden;2014;15  ;17  ;3  ;17  ;;;;;;;;;;;;8  ;;;;;;;;;;;;;;60  
Obwalden;2014;10  ;19  ;6  ;13  ;;;;;;;;;;;;;;;;;;;;;;;;;7  ;55  
Obwalden;2014;10  ;19  ;6  ;13  ;;;;;;;;;;;;;;;;;;;;;;;;;7  ;55  
Obwalden;2014;10  ;19  ;6  ;13  ;;;;;;;;;;;;;;;;;;;;;;;;;7  ;55  
Obwalden ;1970;8  ;36  ;;;;;;;;;;;;;;;;;;;;;;;;;;;1  ;45  
Obwalden ;1974;15  ;34  ;;;;;;;;;;;;;;;;;;;;;;;;;;;2  ;51  
Obwalden ;1978;13  ;33  ;;;;;;;;;;;;;;;;;;;;;;;;;;;5  ;51  
Obwalden ;1982;14  ;33  ;;;;;;;;;;;;;;;;;;;;;;;;;;;5  ;52  
Obwalden ;1986;12  ;33  ;;;;;;;;;;;;;;;;;;;;;;;;;;;7  ;52  
Obwalden ;1990;14  ;35  ;;;;;;;;;;;;;;;;;;;;0  ;;;;;;;6  ;55  
Obwalden ;1994;14  ;37  ;;;;;;;;;;;;;;;;;;;;0  ;;;;;;;4  ;55  
Obwalden ;1998;13  ;35  ;6  ;;;;;;;;;;;;;;;;;;;;;;;;;;1  ;55  
Obwalden ;2002;11  ;29  ;8  ;7  ;;;;;;;;;;;;;;;;;;;;;;;;;;55  
Obwalden ;2006;10  ;23  ;6  ;6  ;;;;;10  ;;;;;;;;;;;;;;;;;;;;0  ;55  
Obwalden ;2006;10  ;23  ;6  ;6  ;;;;;10  ;;;;;;;;;;;;;;;;;;;;0  ;55  
Obwalden ;2006;10  ;23  ;6  ;6  ;;;;;10  ;;;;;;;;;;;;;;;;;;;;0  ;55  
Obwalden ;2010;10  ;20  ;6  ;11  ;;;;;8  ;;;;;;;;;;;;;;;;;;;;0  ;55  
Obwalden ;2010;10  ;20  ;6  ;11  ;;;;;8  ;;;;;;;;;;;;;;;;;;;;0  ;55  
Obwalden ;2010;10  ;20  ;6  ;11  ;;;;;8  ;;;;;;;;;;;;;;;;;;;;0  ;55  
Obwalden ;2010;10  ;20  ;6  ;11  ;;;;;8  ;;;;;;;;;;;;;;;;;;;;0  ;55  
Schaffhausen;1968;19  ;7  ;27  ;18  ;;;5  ;1  ;;;;;;;;;;;;;;;;;1  ;;;;2  ;80  
Schaffhausen;1972;19  ;7  ;27  ;17  ;;;4  ;2  ;;;;;;;;;;;1  ;;;;;;1  ;;;;2  ;80  
Schaffhausen;1976;19  ;7  ;25  ;16  ;;;6  ;3  ;;;;;;;2  ;;;;0  ;;;;;;0;;;;2  ;80  
Schaffhausen;1980;20  ;7  ;26  ;16  ;;;5  ;3  ;;;;;;;2  ;;;;;;;;;;0;;;;1  ;80  
Schaffhausen;1984;20  ;7  ;25  ;18  ;;;4  ;2  ;;;;;;;2  ;;;;;;;;;;;;;;2  ;80  
Schaffhausen;1988;15  ;6  ;26  ;17  ;;;2  ;2  ;;;;;;;;;1  ;;;;0  ;8  ;;;;;;;3  ;80  
Schaffhausen;1992;17  ;5  ;20  ;19  ;;;;1  ;;;;;;;;;1  ;;;;0  ;7  ;;;;;;;10  ;80  
Schaffhausen;1996;17  ;4  ;23  ;23  ;;;;2  ;;;;;;;;4  ;;;;;0  ;3  ;;;;;;;4  ;80  
Schaffhausen;2000;16  ;5  ;21  ;27  ;;;;2  ;;;;;;;;6  ;;;;;;;;;;;;;3  ;80  
Schaffhausen;2004;14  ;3  ;24  ;30  ;;;;1  ;;;;;;;;6  ;1  ;;;;0  ;;;;;;;;1  ;80  
Schaffhausen;2008;14  ;3  ;14  ;19  ;;;;1  ;;;;;;;;5  ;3  ;;;;1  ;;;;;;;;;60  
Schaffhausen;2008;14  ;3  ;14  ;19  ;;;;1  ;;;;;;;;5  ;3  ;;;;1  ;;;;;;;;;60  
Schaffhausen;2008;14  ;3  ;14  ;19  ;;;;1  ;;;;;;;;5  ;3  ;;;;1  ;;;;;;;;;60  
Schaffhausen;2008;14  ;3  ;14  ;19  ;;;;1  ;;;;;;;;5  ;3  ;;;;1  ;;;;;;;;;60  
Schaffhausen;2012;11  ;3  ;14  ;20  ;;;;1  ;;;;;;;;4  ;5  ;;;;2  ;;;;;;;;;60  
Schaffhausen;2012;11  ;3  ;14  ;20  ;;;;1  ;;;;;;;;4  ;5  ;;;;2  ;;;;;;;;;60  
Schaffhausen;2012;11  ;3  ;14  ;20  ;;;;1  ;;;;;;;;4  ;5  ;;;;2  ;;;;;;;;;60  
Schaffhausen;2012;11  ;3  ;14  ;20  ;;;;1  ;;;;;;;;4  ;5  ;;;;2  ;;;;;;;;;60  
Schaffhausen;2016;10  ;2  ;14  ;21  ;;;;1  ;;;4  ;;;;;2  ;4  ;;;;2  ;;;;;;;;;60  
Schwyz;1968;32  ;54  ;14  ;;;;;;;;;;;;;;;;;;;;;;;;;;0  ;100  
Schwyz;1972;27  ;55  ;15  ;2  ;;;;;;;;;;;;;;;;;;;;;;;;;1  ;100  
Schwyz;1976;29  ;52  ;16  ;1  ;;;;;;;;;;;;;;;;;;;;;;;;;2  ;100  
Schwyz;1980;29  ;53  ;14  ;3  ;;;;;;;;;;;;;1  ;;;;;;;;;;;;0  ;100  
Schwyz;1984;25  ;55  ;14  ;4  ;;;;;;;;;;;;;2  ;;;;;;;;;;;;;100  
Schwyz;1988;30  ;49  ;13  ;4  ;;;;;;;;;;;;4  ;;;;;;0  ;;;;;;;;100  
Schwyz;1992;34  ;48  ;11  ;5  ;;;;;;;;;;;;2  ;;;;;;;;;;;;;0  ;100  
Schwyz;1996;29  ;46  ;11  ;12  ;;;;;;;;;;;;1  ;;;;;;0  ;;;;;;;1  ;100  
Schwyz;2000;26  ;43  ;11  ;20  ;;;;;;;;;;;;;;;;;;;;;;;;;0  ;100  
Schwyz;2004;24  ;34  ;15  ;27  ;;;;;;;;;;;;;;;;;;;;;;;;;0  ;100  
Schwyz;2008;21  ;29  ;9  ;41  ;;;;;;;;;;;;;;;;;;;;;;;;;0  ;100  
Schwyz;2008;21  ;29  ;9  ;41  ;;;;;;;;;;;;;;;;;;;;;;;;;0  ;100  
Schwyz;2008;21  ;29  ;9  ;41  ;;;;;;;;;;;;;;;;;;;;;;;;;0  ;100  
Schwyz;2008;21  ;29  ;9  ;41  ;;;;;;;;;;;;;;;;;;;;;;;;;0  ;100  
Schwyz;2012;23  ;29  ;10  ;35  ;;;;;;;;0  ;;;;1  ;;;;;;;;;;;;;2  ;100  
Schwyz;2012;23  ;29  ;10  ;35  ;;;;;;;;0  ;;;;1  ;;;;;;;;;;;;;2  ;100  
Schwyz;2012;23  ;29  ;10  ;35  ;;;;;;;;0  ;;;;1  ;;;;;;;;;;;;;2  ;100  
Schwyz;2012;23  ;29  ;10  ;35  ;;;;;;;;0  ;;;;1  ;;;;;;;;;;;;;2  ;100  
Schwyz;2016;22  ;27  ;13  ;33  ;;;;0  ;;;3  ;;;;;1  ;;;;;;;;;;;;;1  ;100  
Solothurn;1969;66  ;36  ;36  ;;;;6  ;;;;;;;;;;;;;;;;;;;;;;;144  
Solothurn;1973;65  ;40  ;37  ;;;;1  ;;;;;;;;1  ;;;;;;;;;;;;;;;144  
Solothurn;1977;65  ;41  ;37  ;;;;;;;;;;;;1  ;;;;0  ;;;;;;;;;;;144  
Solothurn;1981;66  ;45  ;33  ;;;;0  ;;;;;;;;0  ;;;;;;;;;;;;;;0  ;144  
Solothurn;1985;64  ;44  ;32  ;;;;0  ;;;;;;;;;;4  ;;0  ;;;;;;;;;;0  ;144  
Solothurn;1989;53  ;42  ;33  ;;;;0  ;0  ;;;;;;;;;9  ;;0  ;;;7  ;;;;;;;0  ;144  
Solothurn;1993;54  ;39  ;36  ;0  ;;;0  ;0  ;;;;;;;;8  ;;;0  ;;;7  ;;;;;;;0  ;144  
Solothurn;1997;54  ;36  ;37  ;7  ;;;;;;;;;;;;6  ;;;;;;4  ;;;;;;;0  ;144  
Solothurn;2001;53  ;32  ;37  ;21  ;;;;;;;;;;;;1  ;;;;;;;;;;;;;0  ;144  
Solothurn;2005;30  ;23  ;25  ;17  ;;;;1  ;;;;;;;;4  ;;;;;;;;;;;;;0  ;100  
Solothurn;2005;30  ;23  ;25  ;17  ;;;;1  ;;;;;;;;4  ;;;;;;;;;;;;;0  ;100  
Solothurn;2009;27  ;25  ;21  ;18  ;;;;1  ;;;2  ;;;;;6  ;;;;;0  ;;;;;;;;0  ;100  
Solothurn;2009;27  ;25  ;21  ;18  ;;;;1  ;;;2  ;;;;;6  ;;;;;0  ;;;;;;;;0  ;100  
Solothurn;2009;27  ;25  ;21  ;18  ;;;;1  ;;;2  ;;;;;6  ;;;;;0  ;;;;;;;;0  ;100  
Solothurn;2009;27  ;25  ;21  ;18  ;;;;1  ;;;2  ;;;;;6  ;;;;;0  ;;;;;;;;0  ;100  
Solothurn;2013;26  ;22  ;19  ;19  ;;;;1  ;;;4  ;2  ;;;;7  ;;;;;0  ;;;;;;;;;100  
Solothurn;2013;26  ;22  ;19  ;19  ;;;;1  ;;;4  ;2  ;;;;7  ;;;;;0  ;;;;;;;;;100  
Solothurn;2013;26  ;22  ;19  ;19  ;;;;1  ;;;4  ;2  ;;;;7  ;;;;;0  ;;;;;;;;;100  
Solothurn;2017;26  ;20  ;23  ;18  ;;;;1  ;;;3  ;2  ;;;;7  ;;;;;0  ;;;;;;;;0  ;100  
St. Gallen;1968;65  ;96  ;29  ;;;;14  ;;;;;;;;;;;;;;;;;;;;;;0  ;204  
St. Gallen;1972;52  ;92  ;21  ;0  ;;;7  ;1  ;;;;;;;;;;;;7  ;;;;;;;;;0  ;180  
St. Gallen;1976;52  ;91  ;28  ;;;;7  ;1  ;;;;;;;;;;;0  ;1  ;;;;;;;;;0  ;180  
St. Gallen;1980;53  ;94  ;27  ;0  ;;;6  ;0  ;;;;;;;;;;;;;;;;;;;;;0  ;180  
St. Gallen;1984;52  ;88  ;24  ;0  ;;;13  ;2  ;;;;;;;;;1  ;;;;;;;;;;;;0  ;180  
St. Gallen;1988;50  ;81  ;24  ;0  ;;;11  ;2  ;;;;;;;;;3  ;;0  ;;;7  ;;;;;;;2  ;180  
St. Gallen;1992;45  ;69  ;30  ;;;;9  ;2  ;;;;;;;;3  ;;;1  ;;;19  ;;;;;;;2  ;180  
St. Gallen;1996;44  ;66  ;34  ;14  ;;;7  ;2  ;;;;;;;;3  ;0  ;;0  ;;;10  ;;;;;;;0  ;180  
St. Gallen;2000;40  ;62  ;27  ;42  ;;;3  ;2  ;;;;;;;;3  ;;;0  ;;0  ;;;;;;;;1  ;180  
St. Gallen;2004;32  ;55  ;35  ;45  ;;;;2  ;;;;;;;;10  ;;;0  ;;0  ;;;;;;;;1  ;180  
St. Gallen;2008;23  ;33  ;16  ;41  ;;;;2  ;;;1  ;;;;;4  ;;;0  ;;0  ;;;;;;;;0  ;120  
St. Gallen;2008;23  ;33  ;16  ;41  ;;;;2  ;;;1  ;;;;;4  ;;;0  ;;0  ;;;;;;;;0  ;120  
St. Gallen;2008;23  ;33  ;16  ;41  ;;;;2  ;;;1  ;;;;;4  ;;;0  ;;0  ;;;;;;;;0  ;120  
St. Gallen;2008;23  ;33  ;16  ;41  ;;;;2  ;;;1  ;;;;;4  ;;;0  ;;0  ;;;;;;;;0  ;120  
St. Gallen;2012;22  ;29  ;20  ;35  ;;;;2  ;;;5  ;2  ;;;;5  ;;;0  ;;0  ;;;;;;;;0  ;120  
St. Gallen;2012;22  ;29  ;20  ;35  ;;;;2  ;;;5  ;2  ;;;;5  ;;;0  ;;0  ;;;;;;;;0  ;120  
St. Gallen;2012;22  ;29  ;20  ;35  ;;;;2  ;;;5  ;2  ;;;;5  ;;;0  ;;0  ;;;;;;;;0  ;120  
St. Gallen;2012;22  ;29  ;20  ;35  ;;;;2  ;;;5  ;2  ;;;;5  ;;;0  ;;0  ;;;;;;;;0  ;120  
St. Gallen;2016;26  ;26  ;20  ;40  ;;;;0  ;;;2  ;0  ;;;;5  ;;;;;0  ;;;;;;;;1  ;120  
Tessin;1971;35  ;31  ;12  ;3  ;;;;;;;;;2  ;6  ;;;;;;;;;;;;;;;1  ;90  
Tessin;1975;35  ;31  ;12  ;3  ;;;;;;;;;3  ;6  ;;;;;0  ;;;;;;;;;;0  ;90  
Tessin;1979;35  ;30  ;12  ;3  ;;;;;;;;;2  ;8  ;;;;;;;;;;;;;;;;90  
Tessin;1983;35  ;30  ;12  ;3  ;;;;;;;;;2  ;8  ;;;;;;;;;;;;;;;0  ;90  
Tessin;1987;33  ;28  ;11  ;2  ;;;;;;;;;2  ;7  ;;2  ;;;0  ;;;;;;;;;;5  ;90  
Tessin;1991;29  ;27  ;9  ;2  ;;;;;;;;;;9  ;;1  ;;;0  ;;;;12  ;;;;;;1  ;90  
Tessin;1995;30  ;25  ;15  ;1  ;;;;;;;;;1  ;;;1  ;;;;;;;16  ;;;;;;1  ;90  
Tessin;1999;29  ;23  ;15  ;3  ;;;;;;;;;0  ;;;2  ;;;;;;;16  ;;2  ;;;;0  ;90  
Tessin;2003;30  ;24  ;16  ;6  ;;;;;;;;;1  ;;;2  ;;;;;;;11  ;;0  ;;;;0  ;90  
Tessin;2007;27  ;21  ;18  ;5  ;;;;;;;;;0  ;;;4  ;;;;;0  ;;15  ;;;;;;0  ;90  
Tessin;2007;27  ;21  ;18  ;5  ;;;;;;;;;0  ;;;4  ;;;;;0  ;;15  ;;;;;;0  ;90  
Tessin;2007;27  ;21  ;18  ;5  ;;;;;;;;;0  ;;;4  ;;;;;0  ;;15  ;;;;;;0  ;90  
Tessin;2007;27  ;21  ;18  ;5  ;;;;;;;;;0  ;;;4  ;;;;;0  ;;15  ;;;;;;0  ;90  
Tessin;2011;23  ;19  ;14  ;5  ;;;;;;;;;;;;7  ;;;;;;;21  ;;;;;;1  ;90  
Tessin;2011;23  ;19  ;14  ;5  ;;;;;;;;;;;;7  ;;;;;;;21  ;;;;;;1  ;90  
Tessin;2011;23  ;19  ;14  ;5  ;;;;;;;;;;;;7  ;;;;;;;21  ;;;;;;1  ;90  
Tessin;2011;23  ;19  ;14  ;5  ;;;;;;;;;;;;7  ;;;;;;;21  ;;;;;;1  ;90  
Tessin;2015;24  ;17  ;13  ;3  ;;;;;;;0  ;;0  ;;;6  ;;;;;;;22  ;;;;;;5  ;90  
Tessin;2015;24  ;17  ;13  ;3  ;;;;;;;0  ;;0  ;;;6  ;;;;;;;22  ;;;;;;5  ;90  
Thurgau;1968;27  ;32  ;28  ;34  ;;;0  ;8  ;;;;;;;;;;;;;;;;;;;;;;129  
Thurgau;1972;27  ;34  ;22  ;34  ;;;1  ;7  ;;;;;;;;;;;1  ;4  ;;;;;;;;;;130  
Thurgau;1976;24  ;32  ;25  ;39  ;;;1  ;7  ;;;;;;;;;;;1  ;1  ;;;;;;;;;;130  
Thurgau;1980;26  ;31  ;27  ;37  ;;;1  ;8  ;;;;;;;;;;;0  ;;;;;;;;;;;130  
Thurgau;1984;25  ;31  ;21  ;37  ;;;2  ;7  ;;;;;;;;6  ;;;1  ;;;;;;;;;;0  ;130  
Thurgau;1988;23  ;27  ;20  ;33  ;;;0  ;6  ;;;;;;;;11  ;;;0  ;;;10  ;;;;;;;0  ;130  
Thurgau;1992;23  ;26  ;23  ;32  ;;;;6  ;;;;;;;;10  ;;;0  ;;;10  ;;;;;;;0  ;130  
Thurgau;1996;25  ;25  ;20  ;38  ;;;;4  ;;;;;;;;11  ;;;;;;7  ;;;;;;;0  ;130  
Thurgau;2000;24  ;27  ;22  ;42  ;;;;5  ;;;;;;;;8  ;;;0  ;;1  ;1  ;;;;;;;0  ;130  
Thurgau;2004;20  ;22  ;23  ;47  ;;;;4  ;;;;;;;;13  ;;;;;1  ;;;;;;;;0  ;130  
Thurgau;2008;18  ;22  ;17  ;51  ;;;;6  ;;;2  ;;;;;11  ;;;;;3  ;;;;;;;;0  ;130  
Thurgau;2008;18  ;22  ;17  ;51  ;;;;6  ;;;2  ;;;;;11  ;;;;;3  ;;;;;;;;0  ;130  
Thurgau;2008;18  ;22  ;17  ;51  ;;;;6  ;;;2  ;;;;;11  ;;;;;3  ;;;;;;;;0  ;130  
Thurgau;2008;18  ;22  ;17  ;51  ;;;;6  ;;;2  ;;;;;11  ;;;;;3  ;;;;;;;;0  ;130  
Thurgau;2012;18  ;21  ;19  ;41  ;;;;5  ;;;6  ;5  ;;;;9  ;;;;;6  ;;;;;;;;;130  
Thurgau;2012;18  ;21  ;19  ;41  ;;;;5  ;;;6  ;5  ;;;;9  ;;;;;6  ;;;;;;;;;130  
Thurgau;2012;18  ;21  ;19  ;41  ;;;;5  ;;;6  ;5  ;;;;9  ;;;;;6  ;;;;;;;;;130  
Thurgau;2012;18  ;21  ;19  ;41  ;;;;5  ;;;6  ;5  ;;;;9  ;;;;;6  ;;;;;;;;;130  
Thurgau;2016;20  ;20  ;17  ;44  ;;;;5  ;;;7  ;3  ;;;;9  ;;;;;5  ;;;;;;;;;130  
Uri;1968;16  ;41  ;4  ;;;;;;;;;;;;;;;;;;;;;;;;;;;61  
Uri;1972;16  ;43  ;5  ;;;;;;;;;;;;;;;;;;;;;;;;;;;64  
Uri;1976;18  ;41  ;5  ;;;;;;;;;;;;;;;;;;;;;;;;;;;64  
Uri;1980;19  ;40  ;5  ;;;;;;;;;;;;;;;;;;;;;;;;;;;64  
Uri;1984;17  ;41  ;6  ;;;;;;;;;;;;;;;;;;;;;;;;;;;64  
Uri;1988;17  ;41  ;6  ;;;;;;;;;;;;;;;;;;;;;;;;;;;64  
Uri;1992;17  ;36  ;7  ;;;;;;;;;;;;;;3  ;;;;;;;;;;;;1  ;64  
Uri;1996;19  ;37  ;8  ;;;;;;;;;;;;;;;;;;;;;;;;;;;64  
Uri;2000;21  ;29  ;9  ;4  ;;;;;;;;;;;;1  ;;;;;;;;;;;;;;64  
Uri;2004;15  ;29  ;8  ;9  ;;;;;;;;;;;;2  ;;;;;;;;;;;;;1  ;64  
Uri;2008;11  ;24  ;7  ;18  ;;;;;;;;;;;;3  ;;;;;;;;;;;;;1  ;64  
Uri;2008;11  ;24  ;7  ;18  ;;;;;;;;;;;;3  ;;;;;;;;;;;;;1  ;64  
Uri;2008;11  ;24  ;7  ;18  ;;;;;;;;;;;;3  ;;;;;;;;;;;;;1  ;64  
Uri;2008;11  ;24  ;7  ;18  ;;;;;;;;;;;;3  ;;;;;;;;;;;;;1  ;64  
Uri;2012;15  ;23  ;9  ;14  ;;;;;;;;;;;;2  ;;;;;;;;;;;;;1  ;64  
Uri;2012;15  ;23  ;9  ;14  ;;;;;;;;;;;;2  ;;;;;;;;;;;;;1  ;64  
Uri;2012;15  ;23  ;9  ;14  ;;;;;;;;;;;;2  ;;;;;;;;;;;;;1  ;64  
Uri;2012;15  ;23  ;9  ;14  ;;;;;;;;;;;;2  ;;;;;;;;;;;;;1  ;64  
Uri;2016;18  ;22  ;8  ;15  ;;;;;;;;;;;;1  ;;;;;;;;;;;;;0  ;64  
Waadt;1970;74  ;7  ;53  ;15  ;;32  ;;;;;;;16  ;;;;;;;;;;;;;;;;0  ;197  
Waadt;1974;70  ;8  ;53  ;14  ;;34  ;;;;;;;16  ;;;;;;5  ;;;;;;;;;;0  ;200  
Waadt;1978;67  ;7  ;60  ;14  ;;37  ;;;;;;;11  ;;;4  ;;;;;;;;;;;;;0  ;200  
Waadt;1982;68  ;5  ;53  ;15  ;;47  ;;;;;;;6  ;;;6  ;;;;;;;;;;;;;0  ;200  
Waadt;1986;70  ;5  ;52  ;13  ;;45  ;;;;;;;3  ;;;5  ;1  ;;6  ;;;;;;;;;;0  ;200  
Waadt;1990;71  ;4  ;52  ;15  ;;42  ;0  ;;;;;;4  ;;;12  ;;;;;;;;;;;;;0  ;200  
Waadt;1994;68  ;2  ;55  ;17  ;;41  ;;;;;;;7  ;;;10  ;0  ;;;;;;;;;;;;0  ;200  
Waadt;1998;54  ;3  ;46  ;14  ;;35  ;;;;;;;12  ;;;16  ;;0  ;;;;;;;;;;;0  ;180  
Waadt;2002;44  ;2  ;46  ;22  ;;31  ;;;;;;;12  ;;;21  ;;0  ;0  ;;0  ;;;;;;;;2  ;180  
Waadt;2007;29  ;3  ;39  ;26  ;;22  ;;;;;;;4  ;;;24  ;;1  ;;;1  ;;;;;;;;1  ;150  
Waadt;2007;29  ;3  ;39  ;26  ;;22  ;;;;;;;4  ;;;24  ;;1  ;;;1  ;;;;;;;;1  ;150  
Waadt;2007;29  ;3  ;39  ;26  ;;22  ;;;;;;;4  ;;;24  ;;1  ;;;1  ;;;;;;;;1  ;150  
Waadt;2007;29  ;3  ;39  ;26  ;;22  ;;;;;;;4  ;;;24  ;;1  ;;;1  ;;;;;;;;1  ;150  
Waadt;2007;29  ;3  ;39  ;26  ;;22  ;;;;;;;4  ;;;24  ;;1  ;;;1  ;;;;;;;;1  ;150  
Waadt;2012;38  ;4  ;41  ;27  ;;9  ;;0  ;;;7  ;;2  ;;;19  ;;2  ;;;;;;0  ;;;;;1  ;150  
Waadt;2012;38  ;4  ;41  ;27  ;;9  ;;0  ;;;7  ;;2  ;;;19  ;;2  ;;;;;;0  ;;;;;1  ;150  
Waadt;2012;38  ;4  ;41  ;27  ;;9  ;;0  ;;;7  ;;2  ;;;19  ;;2  ;;;;;;0  ;;;;;1  ;150  
Waadt;2012;38  ;4  ;41  ;27  ;;9  ;;0  ;;;7  ;;2  ;;;19  ;;2  ;;;;;;0  ;;;;;1  ;150  
Waadt;2012;38  ;4  ;41  ;27  ;;9  ;;0  ;;;7  ;;2  ;;;19  ;;2  ;;;;;;0  ;;;;;1  ;150  
Wallis;1969;26  ;84  ;13  ;;;;;;;;;;;;;;;;;;;;;;;;;;7  ;130  
Wallis;1973;26  ;83  ;10  ;;;;0  ;;;;;;;;;;;;;;;;;;;;;;11  ;130  
Wallis;1977;25  ;83  ;15  ;;;;;;;;;;;;;;;;;;;;;;;;;;7  ;130  
Wallis;1981;30  ;80  ;11  ;;;;;;;;;;;;;;;;;;;;;;;;;;9  ;130  
Wallis;1985;32  ;80  ;12  ;;;3  ;;;;;;;;;;;;;;;;;;;;;;;3  ;130  
Wallis;1989;32  ;79  ;14  ;;;3  ;;;;;;;;;;0  ;;;;;;;;;;;;;2  ;130  
Wallis;1993;34  ;75  ;16  ;;;5  ;;;;;;;;;;;;;;;;;;;;;;;;130  
Wallis;1997;34  ;71  ;21  ;;;4  ;;;;;;;;;;;;;;;;;;;;;;;;130  
Wallis;2001;32  ;75  ;18  ;2  ;;3  ;;;;;;;;;;;;;;;0  ;;;;;;;;0  ;130  
Wallis;2005;27  ;73  ;18  ;6  ;;3  ;;;1  ;;;;;;;2  ;;;;;;;;;;;;;0  ;130  
Wallis;2005;27  ;73  ;18  ;6  ;;3  ;;;1  ;;;;;;;2  ;;;;;;;;;;;;;0  ;130  
Wallis;2009;28  ;68  ;17  ;12  ;;;;;3  ;;;;;;;2  ;;;;;;;;;;;;;0  ;130  
Wallis;2009;28  ;68  ;17  ;12  ;;;;;3  ;;;;;;;2  ;;;;;;;;;;;;;0  ;130  
Wallis;2009;28  ;68  ;17  ;12  ;;;;;3  ;;;;;;;2  ;;;;;;;;;;;;;0  ;130  
Wallis;2009;28  ;68  ;17  ;12  ;;;;;3  ;;;;;;;2  ;;;;;;;;;;;;;0  ;130  
Wallis;2013;28  ;61  ;14  ;21  ;;;;;3  ;;;;;;;2  ;;;;;;;;;;;;;1  ;130  
Wallis;2013;28  ;61  ;14  ;21  ;;;;;3  ;;;;;;;2  ;;;;;;;;;;;;;1  ;130  
Wallis;2013;28  ;61  ;14  ;21  ;;;;;3  ;;;;;;;2  ;;;;;;;;;;;;;1  ;130  
Wallis;2017;26  ;55  ;13  ;23  ;;;;;4  ;;;;;;;8  ;;;;;;;;;;;;;1  ;130  
Zug;1970;25  ;41  ;8  ;;;;1  ;;;;;;;;;;;;3  ;;;;;;;;;;;78  
Zug;1974;24  ;44  ;7  ;;;;3  ;;;;;;;;;;;;2  ;;;;;;;;;;;80  
Zug;1978;23  ;43  ;10  ;;;;1  ;;;;;;;;;;;;;;;;;;;;;;3  ;80  
Zug;1982;29  ;40  ;10  ;;;;0  ;;;;;;;;;;;;;;;;;;;;;;1  ;80  
Zug;1986;29  ;38  ;10  ;;;;;;;;;;;;;;2  ;;;;;;;;;;;;1  ;80  
Zug;1990;25  ;36  ;12  ;;;;;;;;;;;;;;4  ;;;;;;;;;;;;3  ;80  
Zug;1994;28  ;33  ;9  ;3  ;;;;;;;;;;;;;3  ;;;;;;;;;;;;4  ;80  
Zug;1998;27  ;27  ;9  ;9  ;;;;;;;;;;;;;3  ;;;;;;;;;;;;5  ;80  
Zug;2002;20  ;25  ;9  ;18  ;;;;;;;;;;;;;5  ;;;;;;;;;;;;3  ;80  
Zug;2006;20  ;23  ;8  ;17  ;;;;;;;;;;;;;10  ;;0  ;;;;;;;;;;2  ;80  
Zug;2006;20  ;23  ;8  ;17  ;;;;;;;;;;;;;10  ;;0  ;;;;;;;;;;2  ;80  
Zug;2006;20  ;23  ;8  ;17  ;;;;;;;;;;;;;10  ;;0  ;;;;;;;;;;2  ;80  
Zug;2010;20  ;23  ;8  ;19  ;;;;;;;2  ;;;;;7  ;;;;;;;;;;;;;1  ;80  
Zug;2010;20  ;23  ;8  ;19  ;;;;;;;2  ;;;;;7  ;;;;;;;;;;;;;1  ;80  
Zug;2010;20  ;23  ;8  ;19  ;;;;;;;2  ;;;;;7  ;;;;;;;;;;;;;1  ;80  
Zug;2010;20  ;23  ;8  ;19  ;;;;;;;2  ;;;;;7  ;;;;;;;;;;;;;1  ;80  
Zug;2014;18  ;22  ;7  ;19  ;;;;;;;4  ;;;;;9  ;;;;;;;;;;;;;1  ;80  
Zug;2014;18  ;22  ;7  ;19  ;;;;;;;4  ;;;;;9  ;;;;;;;;;;;;;1  ;80  
Zug;2014;18  ;22  ;7  ;19  ;;;;;;;4  ;;;;;9  ;;;;;;;;;;;;;1  ;80  
Zürich;1971;37  ;17  ;43  ;33  ;3  ;;26  ;11  ;;;;;0  ;;;;;;10  ;;;;;;;;;;0  ;180  
Zürich;1975;43  ;20  ;42  ;32  ;;;20  ;13  ;;;;;0  ;;2  ;;;;7  ;;;;;;0  ;;;;1  ;180  
Zürich;1979;51  ;21  ;49  ;32  ;0  ;;14  ;12  ;;;;;0  ;;1  ;0  ;;;0  ;;0  ;;;;;;;;0  ;180  
Zürich;1983;52  ;23  ;35  ;35  ;0  ;;12  ;14  ;;;;;0  ;;3  ;4  ;;;2  ;;0  ;;;;;;;;0  ;180  
Zürich;1987;46  ;17  ;34  ;31  ;0  ;;10  ;11  ;;;;;0  ;;;21  ;3  ;;6  ;;0  ;;;;;;;;1  ;180  
Zürich;1991;50  ;13  ;43  ;37  ;0  ;;2  ;7  ;;;;;;;;20  ;2  ;;4  ;;0  ;2  ;;;;;;;0  ;180  
Zürich;1995;46  ;11  ;45  ;40  ;;;6  ;9  ;0  ;;;;;;;16  ;1  ;;3  ;;0  ;3  ;;;;;;;0  ;180  
Zürich;1999;35  ;13  ;43  ;60  ;;;2  ;9  ;0  ;;;;;;;11  ;1  ;;2  ;;1  ;0  ;;;;;;;3  ;180  
Zürich;2003;29  ;12  ;53  ;61  ;;;;9  ;0  ;;;;;;;14  ;0  ;;1  ;;1  ;0  ;;;;;;;0  ;180  
Zürich;2007;29  ;13  ;36  ;56  ;;;;10  ;;;10  ;;;;;19  ;2  ;;0  ;;5  ;;;;;;;;0  ;180  
Zürich;2011;23  ;9  ;35  ;54  ;;;;7  ;;;19  ;6  ;;;;19  ;3  ;;0  ;;5  ;;;;;;;;0  ;180  
Zürich;2015;31  ;9  ;36  ;54  ;;;;8  ;;;14  ;5  ;;;;13  ;5  ;;;;5  ;;;;;;;;0  ;180  
